user_id,to_reads
9,8|653|895|736|701|883|233|230|672|139|638|473|112
35,198|139
55,127|930|291
61,217|520|669|14|13|43|66|4|171|36|76|3|61|12|265
95,473|820|195
140,867
145,212|268|534
179,1567|377|121
209,11
248,65|782|1136
256,408|122|1567|115
272,167|234|360|572|567
275,476|122|595|5|372|29
280,426|174|75|754|225|119|440|208|584
290,60|522|820|824|360|397|456|329|126|322|167|977|869|377
321,106|664|185|215|110|16|779
335,467|124|144|67|142|436|410|217|39|137
360,217|212|484|516|857
368,1334|867|194
400,534|142|101|181|1011|47|139
422,45|122|8|638|409|437|414|231|185
431,31|100|139|106|1038|550|1231|515|208|110|135|188|437|143|689|268|235|333|112
440,741|233|46|127|424|38|265|408|550
461,185
483,194|240
493,13|342|97
513,1255|92|233|354|15|1411
573,304|212|516|45|10|121|522|69|146
585,688|916|67|178|326|1231|1011|284|869|613|867|1136|1316|567|342
624,495|417
695,522|867
725,895|473|135|67|273|190
742,471|177|341|255|547|181|16|167|322|283|405|11|132|417|156|300|67|440|523|92|124|268|104|1061|47
769,208|172|1184
786,359|46|283|322|618|192|219|38|67|126|6|181|1214|142|74|710|743|1055|704
812,92|94|867|45
824,457|654
880,135
893,899|95|196|54|383|46|344|35|465|39|110|135|165|188|483|467|265|94|100|115|121
909,11|550|35|115|121|225|113|167|316
929,101|344
949,81|1145|256|178|869|284|1644|92|47|508|95|1316|534|291
1037,181|1238|757|665|421|115|142|895
1046,887|1509|408|961|94|127|258|185|468|476|704
1061,103|255|113
1068,225|467|924|290|6
1076,47|90|1064|538|106
1097,463
1106,654
1124,249|1238|815|682|397|467
1138,1238|115|173
1145,718|453|11|13
1173,81|87|119|867|895|516|249|287|225|104|217|550
1193,453|637|620
1208,337|19|141|236|47|371|253|74|87
1261,1238|124|146
1267,265|820|41|198|45|22|167|195|268|587|92|53|312|467|642|550|137|231|291|100|313|150|253
1283,961|1393|47
1321,287|249|1316
1326,233|186
1346,1005|424|5|42|119
1358,35|225|58|121|95|67|287|171|547|249|666|265|100|483|1136|136|1393|1088
1393,824
1408,312
1431,67|1317
1438,287|495|557
1453,5|378
1479,111|208|47|291|697|285|143|867|516
1491,190|62|100
1519,485|887|46|982|550|426|322|480|283|584|162|144
1528,87|109|1184|1073|1393
1533,104|181|416|1411|916|190
1544,162
1549,67|1365|212|115|410|472|1133
1560,92|398|211|181|180|73
1568,115
1584,1005|104|1021|557|40|255|67
1586,408|313|190
1593,426|113|94|131|301|165
1608,410|265|1055|119|70|467|1184|124
1669,11|265|100|779|273
1681,217|493|1144|663|430
1697,718|792|374|217|6|47
1713,1055|1021|682|262
1733,467|402|258|51|55|65|13|301|867|584|285|417|463|139
1737,520|67|195|212|272|494|727|1055|1005
1741,81
1753,192|239
1761,736|520|325|142|225|826|618|1334
1799,436|424
1815,658|267|236
1844,943|205|664|122
1856,38|113|131|121|597|763|265|83|1644|1509|95|414
1866,461|233
1874,563|422|47|41|119|115|523|314|496|139|11|273|31|457|277|682|379
1877,104|1238|360|520|1214|427|208|256
1895,1739|941|1393|829|48|58|79|129|83|113|213|162|498|97|341|225|397|361|496|618|559|1186|395|809|650
1916,572|494|146
1933,122|966|13|10|398|408|22|430|256|40|550|47|106
1947,379|89|321
2019,1465
2046,115|256|321|508|100|38
2054,613|146
2063,181|492|1238|188|697|111|94
2067,236|930
2088,113|11|42|71|758|451|468|360|304|51
2104,10
2112,47
2131,72|697|325|494|65|249|122|901|1171|47|495|372|654|118|255|426|436|468|342|359|240|277
2178,597|113|297|92|94|895|516|238
2191,103|1214
2251,682|408|1145
2277,597|173|8|5|65|35|83|194|33|118|11|7|19|122|304|306|188|538|472|81|144|762
2285,180|57|323
2304,550|126|371|396|80|189|54|79|31|158
2329,916|550
2337,161|230|36|50|410|221|11
2345,408|815|258|54|1|39
2361,94|233|122|895|883|372|150|127|1135|10|76|230|60|16|20|379|331
2396,3
2406,194
2421,119|131|117|638|520|483|895
2461,1509|592|614
2477,368|46|467
2501,127
2508,81|916|482|338|46|167|638|494|185|139|215|258|407|190|273
2544,198|625|847|885|31|1159|64|925|404|313|522
2561,688|1319|40|550
2586,11|94|233|244|825|733|61|253
2610,1064|142|595|185
2626,473|467|899|665|662|2190|930|146|1055|1051|215
2649,195|461
2659,682|47|1316|95|1051|381|473|115|70|494|249|421|554|712|6|30
2687,397|11|405|104|1272|1145
2706,101|485|312|282|41|663|1021|90|701|1055|1365|283|121|291|31|2124|697|666|338|47|682|195|115|165|143|285|654|494
2716,408
2737,233|177|378
2754,106|208|322|739
2779,820|1970|359|45|31|255|489|323|142|233|468|241|316|122|727|150|61
2821,144
2853,92|238|179|65|115|11|122|383|1021|106|120
2858,265|173|1135|1214|495|126
2885,778|257|699
2889,186|249
2901,124|258|94|80|277|61|1005|665|467
2919,113|32|119
2951,82|67|55|47|372|374|103|529|323|121|172|247
2994,46|840|757|196|173|550|39|977|516
3005,261|1316|216|212|1238
3021,67|249|779|453|638|124|654
3059,1084|1477|961|1073|265|782|131|925|436|249|94|689|141
3087,101|344|1465|1936|325|1021|256|131
3097,15|103|177|1144|175|151|41|47|265|369|457|344|92|895
3104,17|248|472|1210|37
3122,165
3164,1785|782|472|353
3190,793
3214,284|178|563
3222,129|126
3236,378
3239,982|287|407|826|39|137|734|371
3243,398|662|534
3254,255|550|238|111|233|495|268|1011|187
3256,63|669|54|883|1255|241|316
3269,249|354|1005|374|160|287|383|1644|256|758|212|430|55|743|662|534|127|1021|265|54|83|73|187
3286,92|65|7|119|516|405|741|498|230|597|325|180|130|361|1073|427|646|321|478|141|883|74|476|739|553|109|61|788|599|249|101|95
3403,522
3424,94|758|236|104|461|131|181|31|316|82
3443,13|125|646
3464,754|89|47|61|253|379|68|88
3486,83
3490,10|57|94|291|869|231|14|28|13|665|754|268|124
3504,8|94|38|941|15|136|118|688|710|66|325|80|212|103|111|762|300|217|757|599
3546,1238|1970|467|61
3568,895|45|127|87|233|256|1055|249|550|467|217|31|47|654|208|291|333|457|195|430|669|638|461|688|404|329|30|132|174|410|146
3574,86|81
3593,146
3621,38|47
3641,240|277
3662,620
3742,408|63|650|574
3754,212|123|1477|9|213|270|114|119|736|782|115|1184|323
3785,94|39|658|70|712
3788,662|64|1752|70|743|208
3821,65|289|879|408
3827,885|934|407
3840,115|256|39|1231|495
3850,1739
3856,574|417|857|124
3862,282|94|127|212|57|121|101|916|604|178|284|191|82|1184|54|710|126|405
3877,76|10|171|230|374
3887,471|522
3893,1|819|45|772
3921,669|121|325|63|146|538|757|143
3942,1021
3955,710
3969,94
3986,1434|45|5|28|90|1178|44|273|343|596|1|144|421
4004,436
4019,1021|277
4029,592
4057,67|495|233|287|977|33|1005|440|758|144|344|572|119|691|146
4088,273|60|63|258|94|83|231|144|613
4124,916|405|284|100|11|233
4147,65|173|284|1739|323
4153,211|208|118|331|236|829|401|899|378|1185|1145|1317|46|883|1393|268|100|249|31|847|1675|457|39|139|316
4179,277
4200,193
4213,8|47|256|32|48|113|1021|1316|495|195|118|287|323|131|284|228|167|1055|895|1011|546|820|134|710|317|635|35|233|94|22
4238,287|178|256|758|115|119|354|520|1055|467|90|268|906|323|13|129|337|117|70|54|47|587|658|217|216|291|74|81
4242,244|226|139|440|143|494|146
4253,46|11|67|383|467|563|197|17|20|140|41|55|405|101|379|342
4295,342|359|36|226|144|538
4307,1084|181|410|8|92|48|297|405|635|424|606|256|1365|820|407|1055|185|495|572|494|592|7|37|895
4314,701
4364,38|5|413|103|1094|740|89|225|829|587|399
4371,127|92|1021|70|883|682|815|212|45|150|83|82|65|457|1518|401|658|113|93|122
4410,383|1021|867|148|201|379|146|318|313
4480,94|130|663|1214|47|534|46|119|468|168|233|743|264|148|362|41|395|371|614|887|16|733|587|872|664|409|879|557|378
4504,47|1231|421
4536,402
4575,139|185|421|901|265|300
4581,81|485|264|654|574
4610,961
4639,78|468|92|35|233
4700,1094|378|595|216|144|104|613|146|139|143|313
4725,342|68|74|45|212|287|87|81|40|256|92|472|718|468|249|258|284|374
4735,494|142|642|287|473|39|110|135|165|188
4752,534|371|642|291|311|144|325|638|215|61
4800,102|264|339|489|709|453|296|416|281|243|381|278|1075|22|186|127|165|916|772|715|851|499|395|401|660|693|76|1569|770|829|495
4816,792
4840,733|65|488|826|229
4861,240
4875,329|727|287|97|421|208|124
4891,16|53|345|258|189|4|37|80
4920,1
4933,625|1317|258|333|35|47|124|233|178|165|188|160
4942,94|233|323|408
4959,249|11|46|31|16|212|48|36|106|131|1214|113|354|718|94|1084|736|66|43|284|10|961|63|1055|959|301|498|65|701|54|1411|194|160|264|270|162|395|559|171|614|177|173|899|597|887|1393|342|770|154|138|387|248|531|353|715|773|427
4975,113|815|205|10|177|1135|83|127|109
4990,60|101|495|550|67|344
5009,323|130|322|427|95|113|359
5023,1319|818
5032,45|208|961|829|1509|467|181|39|682|697|638|291|65|231|916|1021|82|256|217|665
5068,4|119|94|441|646|239
5114,1021|534|383|111|344|10|11|46|127|193|256|142|653|306|614|494|397|872|1055|635|820|727
5121,493|130
5136,256|1011|47|1644|174
5172,901|88
5176,658
5184,592|160|76|65|35|191|109|87|736|584|45|559|4
5203,557|8|191|186|103|498|258|516|208|106|113|121
5223,265
5241,282|228|323|238|638|718|597|200|372|390|483|642|570|514|769|1584|1094|1319|934|919|404|342
5245,187|20
5279,436|323|1055|94|1171|574
5297,67|325|414
5307,212|106
5334,155|323|375|373|184|464|119|457|592|1136|653
5354,342|253
5379,516|255
5395,57
5493,233|1393|550|613|150|136|342|119|231|522|682|100|453|704|1159|179|13|45|255|287|115|409|195|654|359|146|689|144
5497,758|106|31|66|114|329|325|40|290
5529,146
5567,249|534|119|779|2190|329|642
5574,238|186|270|337|538
5581,52|426|47|73|111|189|219|10|46|37|35|56|534|174|328|1021|187|82|7|256|550|233|663|572|94|81|238|126|36|48|642|374
5610,104|212|82|233|100|407|653|1055|36|12|14|70|33|49
5624,2190|436|129|1714|848|291|241|329
5629,718
5636,1055
5665,550|872|360|467|534|297|22|167|103|256|131|48|212|217|82|118|688|572|124|36|178|508|867|396|561
5686,534
5705,36|325|550|174|1316|1238|73|231|930|70|16|869|216
5711,215|840|1159
5730,855|485|172|143|304
5755,117|665|1011
5794,46|264|173|109|92|377|282|666|13|104|20|17|127|211|103|572|1319|39|1|284
5804,181|14|398|498|67|36|373|131|287|820|663|592|1280|360|1561
5831,2|121|36|113|1521|520|357|426|32|718
5859,121|47|13|495|178|60|196
5885,174|597|270
5889,83|1477|225|770|130|265|872|60|1088|2
5905,359|112|30
5911,113|211|168|46|538|718|654|140
5917,1073|1094|97|57|417|395|47|113|297
5924,36|43|417
5944,179|906|249|338
5960,295|99|238|410
5964,825|1316|342|112
5993,590|32|65|94|103|111|121|11|92|127|398|508|13|55|70
6025,118|839|178|404
6035,741
6054,101|94|185
6069,883|557|38|177|94|126|87|179|76|498|48|90|1214|230|233|961|1367|540|369|375|1681|1458|314|1561|1752|451|1605|820|222|795|809|1434
6102,293|872|1084|130|730|2124|788|255|54|977|1280
6134,196|167|570|258|430|194|522
6159,94|70|253
6167,140
6181,916|185
6197,396
6209,483|901|482|1011|815|440
6237,82|1161|669|233|181|300
6252,359|342|682
6263,60|5|212|289|295|523|473|670|172|119
6283,38|516|1238|54|534|115|28|426|758|255|287|113|249|1319|815|267|320
6302,171|372|133|1210|3|49|52|16|98|140
6314,100|471|451|119|282|550|35|584|16|199|31|682
6328,895|595|87|95|173|490
6331,177|95|11|322|377|699|498|325|606|577|595|1518|287|213|1073
6341,642|6|92|613|567|295
6372,550|587|38|81|417|997|267
6394,321
6397,33|369|570|217|111
6426,1145|408|66|642|150|208|407|249|328|1238|883|925|109|417|688|1144|342|306|65
6435,62|819|903|637|476|666
6443,217|30
6449,57|171|606|46|135|165|188|359|192|682
6460,2355|94|119|354|691
6469,407
6488,498|255|329
6507,529
6528,101|65|467|100|496|1061|669|233|476|95|283
6545,66|359|105|642
6563,396|258|342
6577,111|263|38|186|650|233|127|453|485|177|396|482|407|498|249|298
6598,270|362|1435|244|1055|301|1176|1145|328|57|941|236|1133|919|557|36|115|508
6630,271
6634,1316|421
6657,73|1316|329|142|457|101|344|76|284|372|68|306|399|119|181|270|137|727|141|143|295|150
6682,167|115|417|193|322|268|295
6707,187|121|119
6718,408|642|193|127|550
6730,824|1135
6754,104|38|211|883|65|212|457|217|11|137|408|87|516|249|167|407|101|587|682|378|329|948|1021|925|404|1334|313|6
6784,498|1055|48|2|18|23|118|54|24|869|669|899|283|68|689|167|377|682
6796,424|1393|828|408|284|591|127|211|193|100|451|265
6804,83|467|1214|1255|40|231|113|3|91|362|198|249
6840,17
6878,233|67|60|38|743
6895,69|51|5|32|50|116|71|514|158|57
6905,81|111|119|178|301|468|1509|408|887|1411|142|131|97|1316|47|1094|625|2124|118|399|523|16|98|930|362|148|338|66|109|264|496|734|997
6940,119|201|217|122
6961,65
6984,1458|408|919|150|1145|256|550|104|468|233|779|1434|1316|567|10|76|231|47|860|395|130|757|899|131|137
6992,190|144|273|691|663
7004,140|201
7065,217|289|597|194|63
7075,374|44|60|68|63|194|212|290|354|682|113|215|642
7085,81
7093,426|27
7122,193
7152,251
7171,120|1051
7191,1567|1465|16|1021|557|121|144|31
7211,190
7234,461|227|281|343
7253,174|144
7269,440|417|113|121|916|354|718|809|1084|736|43|284|961|172|14|825|437|265|925|1642|590
7298,38|45|111|100|417|883|144|421|291|217|1316|233|150|982|94|6|74|342|318|396|112|102
7302,14|48|11|113|65|597|68|233|249|879|398|522|405|1272|295|986|267|61|290|691|226
7306,87|67
7329,14|961|121|233
7355,9|613|313
7395,104|323|178|485|238|68|6
7410,736
7424,39|143
7428,127|193
7433,139|994|141|143|35|258
7456,121|287|178|255|171|90|620|44|499|709|212|238|638|94|222|55|360|665|215|119|231|326|820|113|150|129|788|143|217
7485,83|71|546
7511,226|1367|94
7520,143|313|150
7545,430
7563,190
7566,25|24|27|18|21|7|332|379|195|522|982
7584,255|354|916|1319
7599,30|190
7639,142|642|41|151|63|76|171|103|471|177|646|387|413|597|1526|977|984|468|1167|1214|54|45|115|943|46|95|291|30
7694,344|516|887|718|65|256|408|121|257|401|1970|268|167|115|212
7707,13|87|546|233
7723,1021|45|47|162|180|272|16|654|193|407|291|342|244|284|127|359
7739,374
7742,1094|231|782|268|277|137|54|112
7753,666|73|122|81|201|171|230|173|457|682|471|399|289|117|867|132|229|1367|213|60|743|346|356|413|54|14|103|65|97|50|514|606|496|840|45|185|100|758|226|68|277
7788,383|484|61|146|8|468
7820,289|5|67|49|198|100|115|16|98|325
7848,476|323|637|587|574|282
7867,126|11|424|271|167
7893,143|47|697|172|104|1238|321|899|820|291|295|1011|396|94|1509|793
7897,5|58|103|194|115|127|508|3|137|228|901|1171
7908,5|236|10|46|122|1465|256|47|121|82|81|467|291
7930,89
7976,222|367|127|272|126|371|276|310|156
7991,4|87|55|32|121|94|54|65|100|119|150|427|216|1185
7999,840|642|516|682|223
8003,1367
8014,71|261|11|7|19|53
8021,111|11|35|46|67|45|115|256|199|187|314|369|457|557
8030,688|1231|396|144|258|613|142|906|30|6|190
8038,66
8046,103|80|46|436|129|417|387|425|666
8063,5|177|984|395|682
8071,22|100|62|329|1316|150|212|1238|121|869|494|47|137|110|135|165|188|190|285
8082,35|94
8125,94|100|121|82|236|43|76
8134,1176|731
8143,115|238|87|383|604|317|425|523|848|663
8149,38|167|31|665|20|379
8178,97
8186,736
8189,85|101|83|79|11|48|228
8200,782|124|570|234|397|139|379|233|241|901|312|329|268|187|249
8221,121|930
8237,1145|8
8242,118|3|67|9|326|120|398|221
8254,65|83|57|115|111|118|209|82|398|508|19|44|13|48|126|45|344|943|534|67|1159|46
8272,763|35|111|261|398|508|70|126|46
8283,108|718|899|1411|1477|522|1458|265|160|131|55|1561|1055|662|67|138|63|95|1393|301|194|467|79|407|398|653
8298,36
8315,1073|61
8325,94|70|522|119|193
8336,53|94|284|1584|663|587|815|106|180|1
8345,31|195|613
8370,592|98
8398,177|47|16|104|522|113|173|658
8401,94|33|10|467|265|30|779|421|119|54|100|520|13|1238|350|587|378|916|1005|867
8410,32|65|35|83|194|109|40|209|82|131|225|255|264|229|498|614
8423,194|516|71|111|265|682|142|1365|523|1411|779|538|217|211|758
8431,131|395|461|1214|718|572|763|405|1167|984|71|498|576|595|79|188|1393|899
8440,33
8449,516|467|277|253|320
8456,57|261|209|272|75|46|201|240|55|109|451|178|225|173|265|60|47|421|295|100|682|762|408|101|495|344|372|114|546
8460,284|217|46|378|268|916
8465,57|11|40|282
8469,109|22|57|33|72|209|367|398|53|38|272|75|228|134
8484,10|76|346|46|129|378
8507,101|181|100|109|271
8519,959
8543,8|35|71|38|48|1011|399
8551,1509|323|1084|1184|211|1238
8570,40|16|118|1055|130|662
8589,9|67|195|1316|329|35
8612,476|185|30|244|16|98|463|554|712|142
8651,1136|47|38|65|68|139|137|87|55|313|143|106|215|244|267|61|231
8658,664|31|297|65|550|255|287|741
8672,508|181|101|42|67|47|127|550|211|187|137|482|267|61|318|185|141|277|825
8679,277|143|6|190|318|467
8697,354|38|54|150|113|98|43|301|115|126|289|94|1021|188|45|165|277|51|326|178|763|104|185|192|304|36|65|91|298|825
8701,81|68|48|71|191|162|377|194
8710,231|16
8722,584|333|329
8776,111|301|930|354|688
8787,291|638|697|712
8798,113|440|1411|185|436|374|146
8805,1|68|550
8812,638|137
8816,13
8826,273
8852,109|485|961|1184|815|691|1214|229|701
8862,495|67|895
8866,338|94|61|267
8885,1970|1055|118|137|901
8898,101|33|100|111|121|261|62|53|38|89|45
8909,467|47
8923,106|67|115|1136|35|265|961|76|212
8962,313|642|268
8972,666|828|265|1714|185|499
8976,111|11|179|1161|227|343|596|122|217|253
8996,35|38|197|34|107|99
9007,1011|613|1214|55|362|1584|595|664|174|313|712|262
9031,1365|119
9049,83|109|121|84|181|7|19|89|534|196|94|132|322|377|282
9064,1714|268|32|65|333|262|567|437|494|89|326|200|557|233|271|758|61
9078,115|174|1|20
9089,323|94|213|162|485|341|489|1367|35|180|283
9108,273|620|103|138|982|270|65|225|899|925|1094|386|669|727|231|300
9114,495|225|1161|453|1131|669|1202|284|297|271|375|339|538|318|285|67
9142,67|1316|47|930
9162,895|691|184|661|158|868|826|540|93|1021|143
9176,121
9195,89|312
9215,117|16|98|140|81|754
9246,689
9276,74|47
9289,82|236|398|190|231|313|47|877
9321,111|35
9340,35|111|100|82|92|236|127|508|54|371|126|276|325|1136|689|124|190
9360,111|261|11|54|741|616
9382,38
9403,89|877|371|174|115|587|100|191|961|156|1642|82|195|143|111|271|215|848|178|112
9414,180|490
9431,323|664|1064|55|200|885|820|48|113|105|396|313
9449,22|200|87|67
9466,1681
9472,255
9489,23|283|1144|819|1434|495|167
9509,95|6|190
9526,142|8|323|727|1316|16|108|195
9555,121|92|82|181|10|272|54|55|276|40|76|743|338|124|653|360|879|499
9562,50|94|57|22|115|111|121|367|181|92|236|127|137|48|371|276|60|67|41
9584,2|18|24|27|21|1752|317
9595,129|867|895|467|231
9597,225|924|63
9635,32|55|13|225|559|230|1088|8|28|597|397|483|961|82|730|255|402|284|323|133|113|42|301|46|427|270|471|142|688|14|1477|820|171|451|2|24|229|83|97|219|23|212|1367|514
9646,426|168|126|208|106|193|758|329|239|176|10|43|115|249|1005|185|217|967|343|188|295|984|113|178|196|638|658|654|924|8
9656,354|103|484|94
9672,249|45
9685,109|177|80|162
9700,94|109|33|11|101|127|398|508|108|104
9715,32|194|33|57|118|11|15|127|53|272|310|228|24
9722,36
9747,1184|869|1365|66
9778,1477|1605
9784,31|997
9803,638|93|1094|326|688
9832,211|207
9841,56|52|49|4|50|5|57|33|261|15|101|53|38|76|44|198|132|461|538|1434|441
9847,73|16|31|211|92|869|417|1084|125
9861,11|82|181|233|424|225|1161|160|95|559|178|529|80|401|1526|357|180|87|395|887|173|198|1434|1214|1186|297|872|934|317|405|546|503|1055
9872,31|17|1|117|47|234|187|41|561|74|15|591|13|8|14|32|35|45|1094|398
9907,513
9911,249
9918,35|127|398|508|38|137
9923,557|1167|219|255|45|11|100|40|79|58|28|35|768|17|725|612|806|20|463|167|416
9931,8|65|94|83|103|109|82|301|119|405|494|274
9941,215|264|193|6|522|13|323|485|489|924|130|550|65|173|115|113|426|587
9971,53|38|44|66|89|272|48|371|276|75|499|160|471|229|113|361|413|387|529|265|264|770|879|468|383
9990,1055|426|483|213|408|887
10011,94
10048,267
10081,994
10086,570|1584|1214|819|226|244|189|119|50|464|160|104|97|94|826|132|1319|829|339|42
10110,20
10150,94|79|83|103|33|100|115|181|92|398|228|213|45|534|81|255|47|1|550|16|256|80|265|1167
10155,192
10163,22|209|222|62|53|44|66|126|52|56|611|347|292|542|602|641|229|113|1167|205|282|377|696|898|168|570|818|39|110|135|165|188
10174,523|546|360|663|217
10200,338
10214,62|15|390|464|977|1238|126|731|1184|701|1084|189|94|342|397|177|90|498|110
10225,103|62|76|154|1367|47|46|139
10228,1365|733|244|282|754
10242,115|11|367|82|236|127|398|508
10248,35|57|22
10256,100|115|47|16|211
10263,115|53|38|272|137|779|901|467|437|112|374
10284,181|924
10294,180|89|730|196|47|426|283|405
10311,329|300|664|140|1038|857
10323,233
10337,65|71|103|194|115|121|261|82|92|398|508|55|54|70|126
10344,64|216|317|38
10380,140|174|658|665|697|359
10402,122|386
10430,4|398|82|111|103|35|14|38|201|421|106|47
10444,79|642|31|94|287|73|255|178|17
10466,16|38|885|323|144
10475,779|825|300|186|150|66|22
10480,546
10532,65|367|62|53|89|217|193
10541,14|32|65
10570,38|46|143
10586,848|81|75|186|941|669|1084|621|883|272|38|409|557|754|103|704|396|572|208|662
10594,83|8|136|89|109|65|493|72|131|225|117|130|81|211|92|189|113|95|1435|557|177|193|127|41|198|102|133|90|650|329|47|381|228|577|416
10607,103|109|194|33|40|100|115|11|398|62|53|10|13|55|70|126|323|104|879|476|165|20|17|135|1|283|117|113|1280|77|111|129|188|6
10610,113|398|550|40|316|1021|472|192
10627,513|267|144|190
10640,47|249|258|378|587|216|396|1411|1|654|410|424|316|61|267
10672,35
10686,654|258|779|1518
10740,930|1231|550|238
10754,8|32|103|115|11|44|66|546
10760,194|508|70|141
10781,374|425|90|9|168|322|112
10788,45|293|129|498|171|321|255
10799,31|134|48|87|55|186|41|492|225|28|113|498|323|129|472|362|493|576|1679|734|877|332|298|641|16|292|602|91|20
10802,8|60|148|311|63
10847,65|173|150|1970|231|482
10863,405|12|69|105|61
10885,211
10902,186|142|265|256|975|144|168|139|396|734|523|233|401|255|173|216|642|57|273|304|326|67|587|1005|239|405|157|97|1108|590|388|494|178|318|146
10916,1055|225|1214
10921,94|35|65|109|40|261|26|156|67
10938,113|523|13|131|94|55|65|129|162|287|323|245|213|255|57|1785
10951,65|121|82|10|13|154|113|225|353|264|401|213|375|899|7|155|161|189|80|178|142|424
10954,95|317|258|189|146
10970,408|265|238|82|115|867|239
10979,213|1084|1367
10985,421|374
10997,45
11021,78|108|56|64|201|174|16|328|12|567|407
11030,4|8|32|28|121|261|62|70
11032,316|421|396|1185
11059,924
11069,653
11080,35|741|67
11099,925|277
11108,35|109|22|57|121|1|1214|301|1681|264|75|136|738|133|826|77|540|621|178|43|63|103|172
11122,567
11132,55|94|58|33|40|38|1094|104|256|273|587|546|80|217|249|265|74|39
11140,5|32|109|103|57|111|181|398|44|136|228|879|1458|1739|195|233|113
11154,60
11168,1|126|312|239|738
11184,65|101|115|398|38|234|132|104|68|105|139|1231|195|867|906|1136|146|226|167|437
11208,453
11214,101|94|103|109|181|92|127|62|53|89|272|54|64|1038|388|326
11229,5|58|83|103|109|10|38|76|62|64|35|493|473|17|320
11263,66|89|67|291|689
11268,143
11274,374|516|143|137|74|171|17|20
11291,1458|1970|82|495|81|516|567|304
11305,22|508|150|142|60|550|408|1272
11313,323|1393|117|930|704|572
11338,33|127|70|440|92|173
11356,270|514|485|618|697|129|61|267|4|15|14|769|126|276|901|1202|1970|1133|121
11369,55|869|522|342|417|291|316
11376,138|171|116|265|597|485|961|195|81|199|11|121|234|142|47|104|115|658|948|13|87|36|113|94|119|233|614|476|249|715|32|131|83|68|516|483|217|467|378|421|754
11382,325|178|1185|192|215
11390,14|65|58|63|230|80|229|121|115|559|682|35|62|572|371|53|377|322|51|39|638|379|901|6|185|261|238|47|342|201|240|255|181|68
11415,498|255|130
11443,194|100|115|121|398|161|282|167
11468,65|35|79|213|60|341|271|180|984|977|137|226|127
11473,43|65|297
11501,194|67|126|142|272|82|1681|198|515|538|829|399|1316|1714
11527,743
11549,255
11585,451|498|718|1509|323|642|66|178|291|20|194|31|188|211|264
11608,181
11632,410|136|59|271|483|326|860|123|272|941|595|90|86|733|501|496|281|709|227|1714|575|1255|222|693|848|851|311|1131|2015|383|1238|637|473|1145|2124|3|916|1051|100|179
11674,272|173|828|485|94|116|820|323|1255|430|109|597|468|718
11691,265|258
11707,743|137|283
11723,5|22|826
11735,55
11770,97|119|587|689
11782,35|94|121|367|127|272|13|75|228|177|2190|736|592|546|124|31|45|104|212|167|557|638|941|436|1005|354|1334|906|788|516|244|67|867
11795,119|1133|697|869
11835,371|883|98|211
11854,86|266|367|272
11874,40|48|142|1011
11910,69|522|572
11920,329|291|421|359
11949,1334|111|57|860|1136|591
11952,231|6
11956,92|13|103|41|312|74|666|48
11972,32|28|395|1011|138|17|20
12001,2|26|8|29|13|7|28|58|291|378|267
12005,192|74|515|265|1185
12015,819
12056,272|67|35|1064|820|40|378
12128,620|584|200|1088|84|611|368
12137,127|398|508|53|38|44|89|272|137|70|126|371|276|78|136|108|310|741|156|138|130|646|531|606|173|301|212|387|958
12165,181|33|100|261|367|310|741|38|417|104|231|122|268|727|216|436|2190|467|869|1316|144
12168,47|79|341|664|291|208|39|727|977
12188,42|194|367|92|53|10|43|76|137|126|1334|496
12193,87|36|271|265|650|485|225|425|479
12207,28|71|103|222|15|38|67|46|8|180|681|80
12236,119|572|154|125|248|36|353|773|714|530|189|91|12|69|105
12258,8|5|57|261|72|288|181|398|66|272|137|35|225|142|287|424|1167|6|437|318|515|273|704
12279,818|865|967
12316,95|457|61|494
12340,103|194|82|13|55|80|87|255|90|323|1167|271|472|587|350|1679|715|739|32|284|102|934|297|982|489|317|1584|495|39|60|6|185
12367,94|92|457|329|916|869|758|697
12372,57|198|547
12394,121|141|262
12418,124|249|238
12442,109|82
12459,139|230|103|95|468|1084|782|130|924|115|67|638|457|869|654|228|331|919|727|906|572|616|207|704|1714|217|473|123|1176|538|227|768|613|150|1051|1171|1567|261|697|407|93|482|825|144
12471,572
12490,50|92|137
12515,115|60|249|64|81|258|167|40|587|378|407|467|195|658|1238|417|550|256|682|743|211|457|372|867|948|1316|895|522|344|312|383|217|328|174|374|1005|216|1644|688
12535,290|61|39|135|165|188|189|185|292|347|542
12601,50|14|28|38|13|55|54|126
12622,730|416|641|480|90|483|249|335
12628,4|194|57|62|38|126
12669,662|2124|200|672|487|94|47|316|312|782|421|271|651
12706,47
12724,192|82|215
12728,317
12747,898|124|473|34|99|522|45|81|249|51|92|688|41|173|187|70|268|572|111|141|143
12752,5|35|28|58|83|71|194|33|22|118|261|11|127|7|19|38|55|101|223|1584|204|130|1178|478|1434|778|959|651|225|782|839|117|112
12761,94|83|109|194|100|177
12778,261|150|417
12785,101|94|70|95|39|301
12791,185
12815,101
12838,396|1317
12841,126|829|984|360|1055|961|377|277|396|141
12851,85|23|516|186|217|28|46|100|597|115|142|682
12890,189|167|538
12905,109|46|17|20|697|61|143|463|313|295
12923,329|1316|930|1011|180|143
12943,499
12946,83
12961,33|22|57|40|100|118|115|111|121|261|72|86|209|288|266|367|82|181|92|236|127|398|62|53|38|43|44|66|89|272|137|13|48|54|70|126|75|108|228|741|156|205|162|397|547|1272|739|249
12974,782|417|895|92
12995,139|262|349|60|320
13035,177|83|38|35|46|181|62|184|40|1561|256|1435|1084|346|779|701|179|559|328
13051,94|829|24|8|65|825|1202|1176
13061,58|94|173|887
13082,171|715|103|45|66|51|482
13095,20|1319|1238
13107,195|4|482|238|396|409|1202|1675|1644|779|268|6|440|408|247|1237|146
13116,14|32|65|101|79|11|54|276
13137,71|109|194|35|33|111|92|398|276|635|31
13151,5|71|82|283|295|572
13162,143
13166,4|16
13177,421|407|779|258|540|234
13190,28|58|35|121|94|79|85|177|95|592|233|547|113
13195,1679
13203,1084|825|1051|421
13217,33|41|265|150|476|297|26|45|87|178|664|200|317|405|662|121|90|485|100|57|734|472|516|193
13233,233
13242,332|550
13244,46|61|268
13292,144|45|697|216|1316|143|561|137|482
13305,1005|306|495|47|40|743|417|31|66|38|127|484|372|344
13341,2124|661
13355,408|398|426|975|61|60
13370,139|132|196|156|249|975
13378,641|602|542|347|283
13395,45|35|119|113|31|1|167|17|20|869|124
13407,38|31
13438,421|638|35|982|258
13449,54|100|46|55|345|103|67|87|71|233|560|272|68|95
13458,71|572|283
13478,47|265|342|115|313|225
13506,825|89|329|60|682|495|767|121|304|1319|104|639|733|300|123|140|236|758|42
13520,272|300|1509|1334|828
13551,47|87|83|6|16|225|70|142|208|523|285|143|60|268|178
13580,1936|369|55|124|396|421|404|697
13595,430|522|323|436|180|499|232|65
13600,323|33|699|587|495|682|39|51|115
13642,117|150|122
13653,178|587|211|249|48|271|298|173|54
13664,32|35|94|28|58|83|103|109|194|22|57|40|100|118|121|111|261|86|222|82|181|92|53|10|44|76|272|137|55|48|70|78|136|228|310|741|156|563|788|762
13685,440|620|144|421|195
13699,80|264|79|116|59|133|154|1084|561|829|416|353|621|157|50
13728,14|35|57|84|13|55|48|54|371|196|520|1561|1584|177|498|485|173
13747,54|55|48|38|76|45|113|178|297|587|877|87
13763,111|241|36|187
13794,50|38|261|82
13806,430|39
13811,734|840|185|122|31|46|139|124|291|333|613
13878,46|127|883|637|483|374|1435|15|33|941
13886,61|112
13896,40|261|209|266|101|62|38|43|76|48|54|136|228|310|63|117|1|225|171|498|160|514|154|271|427|274|413|590|176|248|293|199|174|762|739|123|86|329|1202|390|547
13905,94|79|121|66|126|1458|113|820|1214|284|233|212|522|1055|131|498|733|178|575|31|188
13962,395|55|58|57|71|1679
13971,115|367|92
13992,499|508|1584|35|55|255|19|337|106|115|13|258|417|277
14009,32|101|103|72|53|658|225|22|133
14040,35|65|94|181|236|266|367|222|3|272|137|38|276|55|78|379|104|47|899|464
14084,467|139|208|92|312|490|198|620|138|468|180|14|36|113|225|129|162|325|426|1094|461|516|1365|2190|767|398|91|522|697
14119,758
14150,300|234|124|106|268|67|467|239|916|534|121|178|68|90|119|523
14177,4|8|100|118|121|28|42|101|92|127|398|55|70|75
14205,498|177|461|272|48|715|132|1714|848|130|471|559|112|285
14220,662|291|4|127|14|47|353|217|80|43|354|765|146|92|211|6|378|374|550|1021|398|61|35|736|1435|663|44|296|1584|763|342|25|119
14253,194|33|115|398|76|272|137|70|741|17|467|522|1005|98|1011|20|710|1021|233
14265,887|467|1238|662|58|67|45|121|357|82|350|1184|1319|129|212
14326,109|194|222|94|121|301|977|395|718|975|819|115|1319|11|1739|211|168
14339,4|101|28|157|20|208|437|143
14344,101|94|28|100|118|111|121|266|367|688|265|273|706|31|317
14357,503|561|479|119|736
14371,40|15|82|265|143
14376,8|28|40|46
14392,697|110
14404,150|270|523|284|577|635
14437,883|73|635|872|53|901|185|143
14497,1518|427|82|398|16|67|256|255|268|1021|408|374|300|916|758|815|233|181|38|178|126|906|1202|98|140|143|144|146
14529,404
14539,109|482|30|424|277
14543,373|146|106|238|591|108
14570,58|55|44|350|71|103|961|97|360|177|194|361|273|104|268|119|654
14575,65|194|34
14585,48|113|33|217|642|1316|688|67|45|60|273|124|638
14603,16|304|495
14620,840|311|129
14635,14|65|94|71|83|103|109|194|115|1184|323
14652,847
14687,65|83|113|69|359|60
14699,408|597|45|682|146
14745,50|35|40|266|367|3|56|44|89|75|265|405|1316
14749,508|38|1509|1567|304|925|1131|779|1675|144|208
14775,109|89|55|65|48|126|178|64|115|270|1167|118|13|413|1367|248|540|350|704|734|651|80|739|300|1068|934|638|256
14793,173|1161|590|959|177|1393|550|733|975|9|592
14796,924|61
14839,5|65|103|181|92|398|508|13|426|895|495|150
14860,179|8|31|1
14867,329|961|225|63|1161|39|312|282|1|35|325|490|180|95
14890,72|288|46|63|772|577|432|809|1|222|31
14901,144
14903,189|109|113|35|298|1393|1739|1184|408|181|493|473|124|208|141|143
14911,35|11|84|181|127|1133|788|1319|9|201|113|173|523|126|499|265|95|301|484|47|245|284|361|316|168|14|768|1176|1|229|109
14942,213|113|1214|148|377|498
14969,103|118|111|261|92|124|701
14986,323
14991,101|118|111|222|44|272|95|125|47|31|265|255|68|424|271|233|560|249|297|436|304|371|718|1055|456|1184|1005|916|887|354|1365|274|357
15010,493|67|51|55|134|16|98|140|1|95|129
15037,1255|291|229|245|17|576|116|20
15053,48|65|520|46|47|30|216|185
15056,194|498|141|160
15101,58|398|661
15106,35|65|101|103|109|118|236|508|137|276|828|359|240|277|1644
15161,28|265|197|137
15189,31|1|46|57|1316|216|1272|895|142|620|87|35|129|94|114|271|359|488|457|682|522|650|377
15223,115|638|421|697|95|587|689|262|239
15254,697|421|47|427|318
15274,408|193|361
15315,48|637|125|102|172|498|8|80|323|116|444|592|274|196|200|413|560|293|257|621|437|467|1005
15324,662|312
15383,35|94|100|118|111|115|11
15480,92|127|62|53|10|43|137|13|265|142|179|314|200|672|181|390|80|131|14|113|121|65|225|306|73|561|545|679|601|373|184|124
15494,10|63|47|104|653
15498,234|117|45|46|119|115|113|194|142|229|959|919|597|653|472|126|289|440|313|503|546|276|1055|820|495|68
15529,20|17|31|47|81|35|231|616|417|188|135|109|225|762|94
15578,249|233|75|342|143|235
15584,135|172|109|30|769|567|91|295
15604,98
15626,344|408|374
15638,94|83|103|109
15647,79|83|103|109|194|121|84|222|181|76|66|89|276|78|35|40|512|778|1064|205|675|670|282|197|829|242|123|288|768|45|67|268|795|1176|815|110|61|239
15650,137|272|405|484|317|16
15682,76|272|13|54|488|675|578|915|609|1075|986|441|201|47|5|584|185
15699,57|40|115|111|92|127|236|272|137|70|371|276|310|46|1
15725,94|65|35|32|5|50|28|58|42|83|89|76|69|68|47|267|61|277|421
15737,101|173|121|354|718|1055|916|772|614|1135
15783,119|55|48|113|63|173|97|71|67|121|104|350|1214|815|829|95|301|229|778|284|879|1084|772|546
15808,8|13|55|119|38|273|35|682|115|1171|181|30|12
15834,8|94|92|272|410|408|1255|323|143|663
15839,359
15863,40|118|84|181|62|13|55|48|282|397|379
15880,48|85
15886,572|520|155|161|39|129|301|483|959|456|538|114|1681|762|642|300|185
15923,1011|733
15936,398|104|338|570|494|574|1
15952,4|8|14|32|35|65|94|28|58|42|57|89|205|730|150|113|122|54|63|715|179|198|186|935|81|188
15962,8|65|82|92|236|691|495|148|523|233|727|1714|467|642|1316|374|140|1272|106
16009,55|100|57|468|213|186|427|646|560|167|200|148|304|576|762|255|289|461
16046,167|196|6
16050,924|185|6|1365
16086,654
16096,65|408|495|567|143|262|689|1133|233|158|476|157
16103,126|13|178|432|360|820|282
16130,924|664
16171,984|177|426|82|103|289|485
16192,516|106|840|190
16204,8|95|471|45|46|57|118|31|167|47|40|100|162|396|1
16226,804
16240,117|40|261|245|425|205|898|185|35|217|215|236
16274,1
16290,540|103|95|273|208|87|45|204|597|467|291
16344,31|322|620|92|369
16346,31|1021|46|122|1|560|62|377|33|16|342
16377,374|141|768|106|473
16390,1061|212|326|436|440|424|727|109|1237|1202|273|67|162|158|757|185|620|642|482|189|225|405|767|74
16412,178|64|35|342|85|289|50|198|235
16415,208|185|665|139|473|223|901|1171|338|249|587|106
16421,7|39|135|508|421|208
16436,139|312
16451,150|31|113|158|354|35|126|734|311|538|879|90|476
16465,290|106
16498,1477|961|138|230|451|121|265|1317|407|216|613|268|1185|1237|231|482|241|901|244|1021
16522,118|357|57|54|198|265|255|461|121|354|270|126|560|1073|100|669|959|1681|178|60|397|378|47|249|718|468|1084|701|618
16543,265|709|1184|113|407|325|494|70|178|669
16574,1393|788|268|167|322|208|574|664|499|122|743
16576,55|47|119
16605,167|117|1367|877|223|188|165|430|95|54|109|177|33|198|83|94|113|172|121|213|162|173|498|194|97|68|6|40|576|212|1214|148|522|959
16705,45|196|869|333
16711,300|236
16724,38|178|264|22|45|115|117|80|92|193|100|47|81|42|132|36|39|110
16757,1739|473|457|338|1435|32|795|658|129|499
16763,94|249|587|522|26|201|21
16770,144
16789,48|178|31|101|6
16810,482
16823,11|22|33|47|118|638|587|114|467|100|277|90|81|265|106|493|887|177|472|408
16845,148|33|11|212|67|100|16|1055|883|38|268|119|54|1584|196
16879,106|43|5|48|178|264|113|55|249|1136|316|587|208|550|408|546|162|193|13|638|54|378|374|291|127|584
16896,1021|126|718|304|6|1005|94|178|489|284|233|181|167|1255|146|143|520|112
16899,727|413
16918,120
16950,4|91|36|313|6|591|186|192|51|143|134|457|47|137
16969,167|140
17000,561|417|697
17010,124|421|273
17039,359
17059,109|311|997|198|457|239|354
17115,961|1509
17136,31|4|440|192
17151,1970|664|61|354
17176,697|165|188
17194,124|129|333|65|754|47|757|1334|613|825|300|106|767|574|604|329|282|39|178|557|190
17207,87|337|323
17218,81|185|139|377|1477|793|682
17232,682|111|291|982
17267,310|901|115|35|140
17290,342|333|231|190|30|313|682
17359,35|396|1011|440
17375,45
17387,178|666|350|173|499|192
17408,106|115|282
17420,65|67|300|15|5|219|95|177|38|498|194|289|193|31
17434,185
17450,1176|124|768
17458,1120
17501,2190|899|1605|63|47|417|239|1785
17550,45|1|233|354|106|87|604|317|211|193|546|697|268|244|226
17559,325|11|124|45|249|1021|290|916|495|265|1184|7|26|268
17592,1021|185|5|162|129|10|139|710|924|410|546|709|244|140|2124
17617,138|924|185|638|1064|115|1011|982|208|592|142|410
17654,95|387|181|1135|51|53|379
17665,82
17668,1477|779
17679,906|847|325|231|185|924|482|295|697|249|244|689
17702,113|45|132
17725,523|387|28|36|38|3|52|49|56|29|251|358|444|80
17751,181|664|270|829|1064|129|230|451|118|135|499|119|883|1970|1393|457|495|895|538|167|188|146
17792,230|97|109|559|390|576|778|819|201
17835,74|707|62|139|51|369|282|273|20|140|291
17858,879|109|113|413|39|195|124|396|1393|255|173|89|66|148|664|869|377|421|372|290|344|534|74|47|188|106|139|110|54|265|135|43|342
17883,405|115|67|249|212|300|534|193|221
17950,208
17961,557|371|191|185|377|322|283|682|312|1|295|441|22|215|65|173|60|277
17972,625|300|557|91|142|642|320
18002,457|249|2190|408|550|87|410|142|840
18031,271|137|265
18053,482|424|139
18069,1272|295|561|271|592
18088,421|982|92
18124,81|8|396|625|291|638|316|146|320|285|467|883|216
18193,65|177|32|883|1272|264|178|131|301|432|485|144
18224,179|65|1184|233|887|231|495|669
18242,185
18273,1457|342
18291,961|1064|432|1584|113|162|879|311
18316,19|126|109|89|377
18324,740|199|101|1434|924|11|38|231|333|1011|212|187|144|825|63|265|300|540|25|120|61|190
18361,440|311
18390,396|185|697|359|559|479|597|26|869|143
18395,115|94|1167|546|85
18411,359
18447,185|701|924|522|129|494|249|1136|22|654|584|35|47|212|557|604|68|377|323|499|354|682
18478,265|396|68|557|267
18492,244
18503,31
18511,119
18524,503|1214
18535,574|924|354
18550,267|367
18587,45|265|129|139|185|230|36|47
18616,295
18620,150|1011|1136|421|758|271|226|591
18647,574|185|379
18660,129|14|178|413|1048|1064|1038|359|262
18672,1064|924|1171
18736,201|468|606|16|867|304
18766,5
18769,291|483|534|916
18786,124|1334|208|87|421|318
18809,17|265|51|16|375|501|240|958|359|342|313|421
18826,6|591|407|467|924|47|757|682|1136
18856,133|1210|544|681|740|71|198|177|109|138|45|255|498|287|150|646|89|230|413|57|233|191|663|316|374|241|846|984|618|408|559|274|300|1644|273|399|1088|762|11
18864,45|9|522|295
18904,103
18910,997|103|231|137|104|39|135|691
18957,342|291
18968,512|646|5|322|697
19010,295|13|55|119|121|89|432|413|61|665
19038,38|186|258|1064
19073,103|518|1
19080,129
19093,167|133|212|377|567|584|195|342
19106,178|730|715|701|341|1561|1135|1477|405
19130,67|212|249|815|682|666|94|233|84|217|208|344|916|663|287|11|142|508|409|367
19142,65|129|148|273|300|115|498|109|258|520|61|267|212|71
19158,144|114|139|31|193|408|234|187
19173,150|788|106|372|249|258|216|267|271
19219,178|213|162|289|180|782|1064|1280|1167|824|736|205|258|618
19245,924|329|472|323|1642|326|2089|255|482|61|313
19251,157|200|61|13|277|14|28
19256,395|65|178|357|468|139|7|19|62|322|379|1061|457|769
19308,266|402|255|736|483|523|93|47|124|185
19331,498|106|130|317|313
19356,40|39|53|45|35|19|417|142|91|879|388|12|332|292
19413,239
19453,570|9|16|350|877|69|98|140|215
19481,342|30|277|33|226|170|244|432|157|409|316|360|333|416
19510,28|10|9|32|7|117
19527,231|268|333|300
19570,1509|131
19578,216|407
19588,883
19638,664|1161|131|396|895|265|137|560|1334|95|33
19651,899|79|87|404
19667,417|258|150|883|139|185|377|295|1334|638
19703,181|106|264|718|709|456|664|1477|66|225|198|350|788|1584|1184|427|395|590|1561|103|410|855|7|60|1176|186|16|75|1171|67|111|57|31|104|570|35|457|212|290|89|591|895|501|73|362|561
19724,125|31|30
19738,924|1509|181|522|217|887|208
19755,41|829|359|262|240
19761,15|57|869|94|522|112|638
19806,669
19850,515|329|47|4|88
19857,126|371|637|83|872|961
19879,268|295|185|614|38|215|46|654|638|1334|665|47|63|707|70|124|765|763|508|374|538
19895,106|199|216|258|1
19926,512|8|6|20|295|188|117
19942,180
19951,236|584|211|150
19998,284
20059,343|281|123
20074,626|31|1367|70
20083,233|186|64|67|268|111|825|916|758|572
20111,66|198|113|65|173|230|104|1167|205|191|212|1186|704|1133|277|249|12|69|91|226|105|190|1088|144|137|463|554|712
20157,208|572|1367|378|587|1011
20179,180
20189,28|63|198|271|172|71|162|650|173|357|76|468|934|523|306|46|346
20201,106|144|115|869|181|924|268|467
20214,1185|1465|1435|273|688|490|196|38|300|567|396|906|253|86
20218,109|92
20221,313|22|1714|860
20234,718|32|177|83|87|924|697|45|1334|255|194
20247,295|11|1011|146
20279,209|140|731|98
20311,318|397|249|304|662
20334,1214|167
20414,405|557|11|1|654|111|374|106|92
20433,38|45|268|1051|100|35|295|264|65
20446,143|718|495|538
20503,189|337|1084|373|57|249|109|19|1167|284|718|342|48|55|997|338|69|61
20542,233|35|557|338
20586,232|240
20607,185|39|312
20648,295|123|91|651|127
20687,31|190
20717,341|51|895
20729,273|65|51|323|765|137|441|80
20739,291|295|89
20771,188|48|390|498|94|233|264|395|401|887
20814,490
20847,291|33|258|1011|100|39|359|12|30|46|119|68|43|76|79|172|171|160|341|233|103|471
20870,374|546
20914,20
20949,731
20963,718|173|291|820|467|906|754|638|1334|300
20976,426|6|81
21002,126|5|74|637|478|14|63|13|55|427|167|620
21037,130|119|71|150|426|264|233|1136|1458|138|1642|291|828|872|359|432|55|141|185|312|142|282|39|126|378|103|137|104|70
21070,223|129|173|22|45|115|584|604|76|230|89|471|123|120|282|277|146|538
21077,10|101|372|344|534|268
21112,554
21150,322|295|8|17|109
21215,238|440|290|570|604|924|38|64|167|409
21219,106|34|701|144|111|268
21228,144
21244,55|113|127|290|106|54|256|329|550|76|171|68
21260,767|46
21288,592
21355,513|540|14|58|518|289|41|377|13|45|46|31|273|57|150|48
21380,778|471|762|28|11|118|272|261|310|67|186|1011|199|60|1051|37|62|731|557|664|604|89|306|257|270|106|473|34|99
21406,1584|773|829
21450,185|139|283|312|666|273|436|534|344|574
21494,1509|66|54|109|113|65|33|131|93|121|100|513|485|472|160|89|468|493|1435|167|664|16|961|333|186|377|233|651|43|899
21525,216|848|496|538|126|1185|14|233|440|925
21558,1458|1970|1561|113|516|591|924|322|226
21581,360
21600,417|272|948|642|256|268|743|1317|40|142|114|916|132|2124|60|270|265|102|5|851|544|387|87|887|1365|1675|515|295|779|466|273
21609,788|67|883|436|906|212|982|572
21618,231|1185|139|906|1458|869
21635,361|461
21657,185|139|1|31
21670,55|113|129|375|208|688|139|471
21677,317|479|825|1051|410
21724,498
21733,171|273|194
21756,388|383|587|31|104|82|48|239|231|129|178|19|155|312
21790,106|230|471|273|216|39|100|295|239|665
21799,409|249|868|43
21811,115|682|12|30|359
21820,651|804|177|899|295|73|187|693|354|137
21830,277
21851,47|12
21878,574|895|211|1088|829|124|263
21895,697|231|1051|1518|872|297|177|883|144|482|763|111|421|424|779
21986,867|1136|405|638|495|65|271|212|430|941|185|697|653|408|1272|1133
21996,277|359|88|143
22049,273|277
22073,42|35|38|68|413|1679|772|560|1021|1073|372
22110,47|167|457|314|557|160|653|139|300|34|666|265|779|272|226|689|143
22139,825|145|222|156|13|14|8|219|7|11|55|42|47|95|177|198|109|37|70|129|271|113|65|444|94|114|93|67
22154,160|675|705|488|739
22164,59|95|298|421
22185,1509|485|718|92|171|109|194|65|121|498|590|264|401|173|778|94|899|189|782|829|479|255|879|1681|1526|959|1214|103|287|410|1521|181|354|297|872|1561|934|395|371|118|276|68|186|468|45
22201,2190|1367
22210,682|468|916|733|664|399|1367
22213,1367|561|779
22224,718|701|113|395|984|498|899|357|730|485|150|272|162|178|225|479|1184|401|538|772
22237,194
22248,233|18|642|530|129|440|47|113|261|734|38|1051|1158|688|291|193
22270,499|820|268|46|34|35|326|306
22301,129|178|173|113|788|337|499|48|63|451|171|290
22324,1055|126|122|282|121|65|162|718|1064|1186|177|1561|317
22373,216
22475,41|408|55|142|265|71|13|194|181|461|213|1214|413|362|638|162|736|268
22489,464|587|255|456|251|9|243|102|522|398|316|546|691|144|141
22523,1714|81|267|906|318|638
22545,178|100|45|501|407|276|432|515
22572,38|398|185|47
22579,407
22595,290
22621,31|46|186
22629,216|101
22633,113|101|534|82|377|349|407|494|143|426
22651,51|185|8|5|13|38|46|487
22684,81|709|456|264|1051|31|46|89|283|691|788|142|290
22773,233|663|217|1319|424|30|239
22778,179
22793,35|432|503|16|22|45|11|85
22852,762|31|473|140|188|731
22932,1214|574|485
22961,916|767|291
22998,233|1518|804|95|360|471|451|177|48|92|35|290|94|287
23039,185|139|58|131|83|276|371|768|24|277
23096,62|312|57
23102,33|463
23172,669|654|208|144|181
23227,1088|1178|778|1051
23259,95|177|83|138|597|559|498|413|485|1477|961|115|215|522|570|312|377|457
23271,139|362|314
23286,54|113|534|229|60|106|58|278|529|501|45|251
23310,118
23379,104|32|47|1055|208
23423,129
23449,323|1136|113|658|522
23456,276|65|113|178
23478,46|60|1584|824|402|997
23497,329|139|1068|1970
23503,1334|329|342|359|240|226|320|689|295|47
23523,300|139|937|283|27|267|115|734|440|146|119
23537,112
23558,95|473
23594,887|779|1317|38|141
23610,270|743|1158|104
23619,46|924|567|494|67|208
23632,55|195
23647,48|11|167
23679,83|103|188|126|165
23688,66|17|94|46|67|121|287|255|20|323|233|110|101|135|248|34|38
23720,545|124|322
23752,185|312|313
23771,146|127
23780,731|119
23824,48|55|268|185|1|666|109|1561|177|342|820|883|1133|304|377|276|467|15|106|743|407|869|1739
23861,235|277|273
23885,1367|372|495|604|2190|733
23892,322|417|47|124|520|187
23962,357|131|390|401|395
23985,297|763|55|131|109|46|186|73|67|847|1675|273|1159|1171|1185|111|1567|557|29|125|154|87|15|824|531|353|1|17|20|1255|26
24008,114|110|135|165|188|167|883|265|73|142|22|35|33|16|426|71|160|820|405|354|374|546|743|1094
24040,213|313|258|112
24052,323|451
24091,142|493|567|231|342|313
24093,762|550|122|654|67|139|92|81|516|60|1055|916|82|471|819|205|173|196|405|457
24132,121|101|208
24151,65|325|167|1|36|47|46|457|142|461|273|413|498|409|311|410|825|1714|267
24176,1644|522|1159|901|1136|697|1011
24198,300|233|879|425|68|323|61|1005|828|119
24204,31|46
24225,614|498|272
24249,1675|1317|255|172|72|522|587|190|82|61|104|198
24288,277|253|349
24312,295|924|1644|482|150|68|522|869|304
24344,142|253
24368,106|120|282|1061|136|16|46|118|557|1|1005|436|306|538|4|5|185|13|113|122|95|62|255|173|287|483|55|559|503|701|271|495|343|98|61|112|47|262
24381,144|111
24396,924
24451,333|739
24458,368|480|73|82|342|287|4|121|47|592|146|736|554|461
24470,1214|590|361|1|654|47|212|572
24489,654|948|924|1334|638|47|230|410
24530,516|440|417|495|482
24555,104|572|736|1567|83|140|906|672|427|1255|663|317|461|61|1005
24567,142|47|60|1055|195|70|129
24588,273|396|457|185|233|468|1334|35|409|1435|95|258|820|300|925|82|916|495|265|1458|2124|1202|1185
24603,410|264|468|483|273|424|265|283|883|66|97|323|93|312|736|300|727|30|395|61
24632,333
24694,614|637|664|1214
24765,547|503|162|191|68|274|148|467|483|272|934|1133|611|72|557
24791,1465|572|289|45|38|604
24801,688
24818,241|190|144|1317|499|494|60|47|295|212|372|56
24847,193|538
24884,421|359|160
24902,818|173
24961,1159|763|13|87|317
24965,473|397|1|4|239|139|295|637|899|265|100|325|1509|520
24991,198|225|405|701|297|432|32|276|270|277|778|213|467
25003,7|530|267|404|616|35
25015,185|885|45|60|318|409
25048,30
25074,557|654|658|360|258
25087,1458|145
25106,664|715|899|1131|773|804|338|140|148|109|274|395|198|471|1214|451|160|530|171|778|1434|83|43|36|32|66|358|271|113|138|131|90|329|106|313
25119,188
25172,53|592|62|396|329|613|314|436|417|232|151|273|1681|906|538|567|895|887|107|461|768|542|901|261
25182,349
25196,6
25255,407|74|930|520|146|277|235
25278,233
25327,323|757
25339,119|273|148|906|47|451|174|733|440|265|986|982|258
25389,38|697|150|273|179
25415,387|560|540|264
25427,82|482|179|190
25448,228|207|35|132|312|316|190
25502,190|765|238|1214|6|325|350|788|268|236|178|123|144|485|157|59|251|177|253
25521,39|226|30
25530,256|150|198|111|68|51
25573,718|139|185|122|132|179|124|482|407
25622,41|13|55|19|161|155|487|660|693|109|10|8|65|485|9|68|171|76|230|138|984|298|773
25669,173|40|233|63|249|195|272|437|143
25688,233|195|409|75|265|208|829|144|143
25727,185|67|16|35|110|217|28|45|584|109|273|135|30|47|359|144|61
25761,404|1334|13|353|235
25791,31|38|116|135|165|188|611|301|273|46|1477
25798,6|134|51|62|223|314|173|113|55|73|66|225|461|39|848|508|410|283
25849,171|115|47|177|35|413|820
25853,421
25859,788|119|300|485|98|186|883|28|338|2355
25868,14|63|103|133|225|113|45|126|289|115|757|205|271|191|80|311|620|413|397|209|664|117|160|478|298|274|984|1681|1509|883|941|691|887|778|1477|546|15|10|70
25876,110|165|341|188|171|230|109|76|172|559|471|61|267|113|1094|1393|468|1509
25902,13|14|173|230|48|471|325|196|139|35|92|106|66|39|277|288
25920,941|196|129|113|178|488|906
25925,74|46|265|39|135
25932,457|313|372|468|1084|779|167|11|948|119|741|112|105|404|276|47|473|285
25953,1064|441|472|6|367|1367
25961,236|301|489|498|576|829|934|819|1135|804|883|553|670|675|1139|180|35|226|473
26001,226|244|81|36|143
26041,81|258|738|196|167|734|386|371|635|185|291|54|550|688|828|191
26053,174
26072,550|21|513|55|23|476|483|701|205|311|456|715|606|1133|1681
26076,201|67|359|43|33|36|63|70|171|119|121|173|172|213|597|819|189|95|54|55|66|109|514|178|65|113|130|198|129|390
26088,20|244|98|267|1176
26107,22|64|325|81
26126,230|473|371|298|173|297|146|407|485|121
26146,9|13
26149,1465|899|1739|523|522|104|284
26181,372
26203,8|130|85|255|287|118|468|476|401|69|105|235|174
26222,560|765|109|792|401|371|718|934|289|130|225|131
26236,190|379
26244,318
26265,514|1367|934|1280|1584
26292,106|74|68|55|80|547|483
26294,175|11|22|31|45|33|47|118|273|87
26320,45|6
26358,409|36|1088
26368,194
26398,100|587|119|1334|697
26411,100|291|642|272|584|6|143
26424,820|651|1055|1566
26482,456
26485,413|426
26500,699|233|919|48|590|584|1605|1509|472|304|262|61|113
26526,322
26532,119|71|682|1367|620|36|5|140
26593,192|1411|167|276|188|243
26632,1644|1202|1237|4|28|32|131|33|325|300|258|225|291|697|143|689
26654,199|670|441|295|212|110
26665,325|468|1051
26687,326|5|10|177|427|178|669|899|879|354|238|6|317|190|101|211|546|374|522
26706,55|113|337|162|264|426|11|208|301|190|772|635
26728,1055|360|162|706
26750,133|350|209|120|137
26759,65|559|121|467|11|567|36|198|129|94|271|265|168|513|485|225|289|270|489|424|256|323|258|425|576
26781,235
26797,67|60|489|734|33|422|38|70|249|522
26825,43|55|172|45|233|150|277|809|461|181|139|930|453|179
26867,261
26872,173|233|546|68|178|150|122|522|354|604|225|653
26887,762|300|106|283|127|104|342|359|318
26898,883|848|669|323|461|65|179
26918,22|60|64|124|74|1055|779|883|196|268|718|129|173|104|150|553|106|1021|139|295|4|30|110
26930,192|317|165|377|322
26933,494|501|22|69
26952,313|44|230|107|89|263|172|7|189|126|498|247|2|937|1477|54|219|1458|1064|258|494|103|413|284|80|142|297|1055|959|1214|1135|522|1970|132|426|150|613|567|268|323|407|321|39
26983,295|186|212|124|1051
27047,9|64|33|93|156|199|145|47|109|172|103|185|42|60|194|498|91|69|6|12|105|28|31|83|121|514|485|11|597|184|196|186|375|245|762|209|651|639|1133|664|1561|479|778
27079,115|47
27087,11|195|587|457|92
27125,1011|139|106|197|557|212
27154,236|283|90
27176,64
27195,142|162|168|441|597|13|48|55|109|65|103|498|354|313|440|1367|253|100
27274,895|66|295|333
27279,538
27302,1214
27332,901|5|160
27361,872|773|103|451|513|34|47|46|825|440|441
27370,322|666|283|377|472|115|421|482|765|689|437
27433,194|301|80|531|529|390|597|265|540|576|375|289|782|730|701|497|1526|1167|479|935|819
27466,211|148|13|65|33|255|113|233|55|67|289|664|126|129|60|1435
27491,4|198|101|13|55|33|208|964|117|8|173|42|138|301|496|122|407|123|273|570|237|1584|92|383|1739|185|87
27499,30
27513,185
27533,734|437|143
27551,264|138|125|109|177
27581,421|779|941|906|1334|1365|417|359|112|146|235|318|285|253|240|277
27597,538|274|249|173|359|61|198|329|567|262
27612,1084
27663,314|300|22|66|168|80
27676,16|546|430|55|225|4|621|937|425|851|578|158|237|143|268|47
27711,39|1005|948
27731,57|53|273|457|258
27753,109|89|16|590|769|313|1108
27808,457|45|501|222|150
27835,417|11|8|1334|46|193|211|187|238
27848,924|654|421|137|241|270|489|408|277
27900,804|95
27908,826|493|362|43|177|498|778|1605|427|48|518|646|89|1367|289|11|22|249|325|76|111|39|514|1178|51
27941,464|45|41|122|295|193|691|101|36
27989,359|523|268|262
28011,194|173|142|180|485|572|106|181|316
28018,381|779|291|66|129|1073|42|233|451|559|178|265|642|440|35|212|148|471|625|899|689|313
28057,38|22|136|45|31|196|338|89|360|104|42|54|820|924|72|67|488|102|180|739|704
28095,129|11|654|189|289|769|64|217
28125,461|48|325|268|333|94|225|304|300|476|144|216|248
28143,654|689|285
28152,325|89|47|46
28179,216|689|924|61
28199,195|240|233
28213,139|758|323|84|129|788
28251,595|508|485
28266,407|689|383|100|190|42|106
28317,82|40|13
28336,592|959|1084|119|1238|374|467|557|778|109|597
28341,38|11|22|1088|71|997
28392,342|925|848
28416,208|597
28440,35|193
28452,51|134|181|74|867
28464,883|396
28511,499|471|95|230|560|387|225|1605|137|877|139|41|265
28516,463|64|132|779|51|104|245|87|268|311|185|325
28528,28|779|1136|867|440|103
28541,185
28614,55|11|81|47|35|325|467|273
28643,18
28692,81
28697,360|1334|1061|273
28718,16|28|48|219|37|36|121|162|87|100|35|287|513|89|196|191|1055
28739,40|741|1159|45|312|556
28756,378|217|1238|291|236
28767,1675|1051
28786,138
28806,5|8|113|395|456|65|272|616|333|1171|11|216|144|1055|110|135|165|188|167|89|13|313|35|36|74|300|883|374|705|818|915|372|290|534|317|691|92|550|660
28828,231|1171|663|374|779|188|638|1970|325|212|436|883|1094|349|273|72|284|291|1021|378|1393|68|739|1011
28841,398
28861,300|106|171|154|471|194|130|1477|225|178|468|361|984|819|1135|483|131|306|9|1465|212|1184|59|168|119|35|718|143|47
28865,804|150|417|432|1131
28875,697|869|104|121|1011|663|1231
28903,359|1238
28926,113|547
28945,493|362
28984,60|186|409|195|233|867|231|317|270|198|1185
28988,39|31|46|869|43|255|265|313|74|33|94|167|258|115|322|15|325|216|8|28|233|118|611
29016,55|168|232|975|682
29051,461|560|959|559|826
29082,689|476|69|638|467
29112,208|1073|95|361|590|60|762|625|186|417|1055|148|848|115|89|185|139
29143,387|290|48|257|518
29273,11|69|337|1214|359|8|736|173|819|54|55|287|472
29293,318
29312,39|27|155|161|189|219
29323,767|46|47|104|115|430|485|688|106|124|190|185|172|290|95|177|65|498|268|296|146
29353,173
29388,342|30|216|217|6|20|68|467|139|984|576|62|143
29409,270|959|483|378|572|828|125|295|638|55|291|141
29427,238|82|10|43|13|32|236|33|45|216|81|115|148|383|688|405|225|494|313
29445,31|81|41|173|1011|103|337|83|160|342|109|70
29463,563|437|81|417|137
29485,47|457|94|35|1319|67|180|117|97|472|325|115|595|820|216|312
29574,213|1255|701
29627,9|26|145|14
29633,291|763|522|467|906|436|396|208|1272|869
29644,175|314|356
29687,74|638|45
29689,114
29703,295
29720,516|663|43|121|560|868|198|116|83|119|81|181|264|401|867|143|520|430|267|146|494|17|135|1319
29732,538|256|57|98|140
29776,38|13|205|40|342|45|60|769|379
29819,522
29836,824|1584|55|592|146
29847,247|937|176|46|45|102|326|89|48|22|31|51|16|62
29900,924|482
29970,144|550|374|467|1334|1238
29986,374|576|461|572
30048,709|360|337|177|173|350|485|499|371|276|54|546|168|83|556|432|104|483
30092,65|113|387|468|287|887|54|322|197|295|441|609|464
30180,225|191|374|1064|305|461|17|20|95|482
30191,1365|402|824|1055|669|323|815|614|547|360|662|338|181|397|665|106|238|268|30|139|258|270|768|95
30212,718|177|1214|1584|614|498|997|66|196|121|440
30249,92|45|249|515|1202|57|122|426|501|663|473
30287,317|208|1051|190|906|613|848|482|342|120|941|295|67|498|706|485|899|313|115
30294,113|249|55|520|1334|489|178|396|1064|867|1184|523|483|662|378|1509|273
30304,144
30324,131|1319|90|490|572|360|654
30329,848|67|261
30411,395|80|150|557|572|1055|85|87|325|178|323
30473,342|6
30479,360|103|124|312|283|102|362|233|39|409|297|824|34
30578,295|901|185
30681,68|64|39|46
30738,66|89|45|70|68|512|39|167|1367|276|74|570|377|239
30747,233|614|65|173|377|33|148|67|268|430|516|701
30761,46|584|200|123
30821,31|10|499|233|984|172|682|408
30835,283|46|115|45|718|264|129|13|113|173|529|160|97|276|371|547|92|247|47|498|194|130|512|357|72|1167|620|401|361|523|765|360|879|772|857|395
30882,124|115|638|30|39|139|567|122|297|697|65
30924,268|226|217|39|734|311|53|378|437|421
30973,342|28|60|65|113|63|54|298|173|103|651|413|792|529|89|196|172|193|74|199|417|769|129|518|289|132|82|421|195|115|404|277|240|457|105|104
30994,413|778|109|131|116|485|190|236|1642|514|212|611|1518|772|819|4|8|66|177|35|79|357|255|194|341|225|323|284|559|550
31001,467|70|597|1084|410|820
31033,13|14|1214|60|587|249|467|323
31088,111|396|185|379|313|231|592|482|437|333|520|146|143
31093,754|984|819
31198,117|28
31257,70|45|295|825|289|36|87|20
31305,490|139
31347,66|1084|253|984|1167
31366,255|359
31396,45|245|44|538|223
31425,1644|1136
31478,129|28|778|198|133|172|560|1681|249|124|46|186|273|342|38|65|421|66|101|710
31503,186|304|997|55|48|848|638
31525,5|46|150|42|611|522|239|550|1021|92
31536,45|188
31560,79|961|194|342|46|503|298|263|1605|219|125|597|478|4|85|35|31|89|160|265|192|245|361|293|285
31563,67
31634,688|916|550|408|360|313
31729,234|300
31763,284|895|115|948|83|1231|567
31825,143
31852,144|216|948
31928,1202|144|171|63|374|758|201|691
31933,208|140
31981,46|43|620|1131|89|121|31|409|1055|262|848|208
32013,144|190|67
32055,1061
32084,576|2355|772|664
32092,102|100|559|1167|213|518|233|301|306|739|82|272|1561|977|479|557|101|69|772|885|851|329|868|663|815|484|1526|1434|295|127|792|441|604
32113,115|57|167|268|92|895|282|89|498|323|181|357|426|653|736|984|360|682|587|872|538|479|1073|329|1088|1411
32162,119|1970|196|270|357
32180,109|342|924|1159|1458
32191,304
32223,173|490|769|117|8
32251,276|55|233
32306,273|143|311|233|138
32376,104|249|87|47
32410,124|144|51|193|12|295|187|112|150
32447,139|473
32498,201|473|697
32509,763|235
32551,172|66|538|1584|342|15|219|157|87|251|133|339|740|4|80|29|48|43|867|473|253
32560,765
32586,137|70|39|55|258|374|312|809|65|167|146|178|187
32597,113|557|1434|172|1584|762|263
32611,67|33|924|930|291|81|1752
32727,74|216|388|386|522|473|482|272|847|112|12|682|30|417|277|6|285
32748,297
32759,83|468|174|249|70|95|97|73|212|121|240|138|32|14|13
32773,7|67|291|1145|381|342|404|60|12|262
32809,234|387|515|273
32814,162|178|718|614|709|81|961|1088|216|1477|323|322|110|188|820|560|485|494|267
32834,287|134|289|75|170|290|221|126|78|6
32901,173|395
32913,180|51|1367|71|715|58|91|89|113|265|138|25
32968,325|272|6|625|150|16|31|115|516|178|62|255|117|840|30|316|495|754|501|238|317|122|550|87|398|181|225|172|301|95|83|146|61
32989,57|15|323|114|357|518|12|167|306|6|739|1435|577|192
32994,34|30
33037,421|295
33069,360|111|232|295|95|51|290|89
33102,13|131|1584|194|113|65|485|977|1280
33177,906
33223,168|1094
33230,597
33298,6|338|258|36
33363,820|104|113|121|212|268|727|167|430|172|498|208|405|239|1642|691|110|135|887|165|768|1319|815
33455,618
33480,559|167|322
33527,31|94|404
33555,223|180
33567,113|357|651|778|22|45|16|212|132|129|178|60|300|238|92|211|74|48|114|121|499|829|762
33617,769
33640,226|342|665
33653,371|6|430
33718,682|1584|430|828
33827,416|10|559|76|471|154|8|899|1184|130|66|94|426|6|701|1084|253|217|379|820|572
33865,86|342|1202|178|225|730|255|32|131|1161
33881,689|604|557|417|216|272
33938,522|1011|410|883
33977,273|74|185
34013,208|87|185
34054,482|47|430|572|291
34079,186|1317|268|820|323|520|638|1133
34094,265|74|490
34169,901|70|192|1238|613|375|485|820
34195,268|115|212|638|430|306|14|208
34248,494|45|67|6
34302,1214|872|14|36|317|142
34356,337
34418,45|236|36
34438,14|28|65|31|349|295|739|553|578|703|915|865|1248|967|1139|361|289|1584
34494,208|1|39|867|68|410|180|118|17|20|22|45|131|100|53|357|192
34497,285|141|139|398|112
34531,397|560
34556,42|178|65|113|961|556|675|295|696|898|1316|788|6
34569,22|16|45|31|342|30|111|57|14|38|113|122|36|651|172|173|178|198|109|136|239|54|414|282|317|55|560|590|298|379|362|60|81|98|378|815|140
34594,240
34611,359|136|146|762|300|295|91|522
34638,167|377|283|146|192|295|168|441
34661,57|60|68|381|256|185|320
34677,32|268|483|516|877|770|1255|1135|763|872|360|825|709|899|325
34713,87|81|172|1237|1435|304|45|80|120|150|77|148|300|396|1970
34736,12|185|231|45|396|1171|1011|916|137|106|208
34745,212|74
34803,550|59|4|47
34841,779|191|284|301|82
34889,61
34944,109|83|646|100|529|485
34977,177|297|718|162|782|1509|1393|614|100|140|301|1365|895|654
34987,342
35024,118|1055|461|323|688
35067,1605|1434|1280|283|408|637|503
35108,5|43|66|31|47|11|87|270|45|200|138|104|30|109|177|121|762|95|765|26|733|64|82|212|840|1158|498|820|287|410|468|522|815|560|1088|829|2190
35126,479
35148,124|30|45|196|261|80|225|126|186|142|609|703|915|441|282|106|323|413|98|140|68|233|137|463|554|712
35157,1133
35221,72|289|6
35268,119|487|693|660|809
35296,74|187|249|1238|195|613|404|41
35333,825|901|216|396|1334|265|906|240|6|61
35364,136|276
35412,122|36|226|91
35449,7|9|778|109|43
35454,325|146
35475,118|57|95|119|704|736|885|779|225|1316|142|763|758|372|291|195|81|231|313|256|249|265|320|115|101|47
35505,472|487|693|660
35510,482|1317|68|212|682|885|6|211|359
35521,150|233|245|146|538
35539,21|27|1411|81|82|538|238|490|101|916|383|604|150|41|144|173|111|688
35556,179|217|1238|284|468|45|30|295|113|115|457|1231|101|574|538|188|104
35568,285
35579,65|154
35593,22|67|212|342|733|919|331|1255|1681|101|68|35
35617,467|869|1752
35624,68|39|688|190|6|342
35650,165|110|135|76|171|230|471|451|2|25|24|27|867|249|108
35663,173|297|413|1178|55|357|395|106|426|119|239|937|611|62|225|11|87|47|109|177|198|33|67|172|31|180|121|265|213|597|498|736|371|691|137
35696,815|413
35728,181|323|289|476|495|360
35737,139
35764,185|129|473|522|31|374|359|414|195|139
35781,216|404|313|482|825|414|150|9|253|33|437|239|295|208|144|333|273
35848,173|977|54|39|45|104|48|121|408|374|426|106|101|405|546|297|213|255|597|485|317|1167|736|846|181|362|390|191|772|249|984|337|763|176|691|883|295|47|592|233
35866,144|100|829|291|482|119|268|421
35906,733|82|100|1435|473
35958,1064
35982,139|143|71|146
36031,216
36037,65|223|4|809|93|1161|407|371|322|178|82
36051,359|982
36071,94|421|436|311|606|29|28|97|485|60|104|437
36074,104|115|39|89|374|119|514|55|65|31|121|325|398|765|378|268|249|94|181|20|101|103|239|283|265|57|106|110|135|165|188|12|285|426
36122,89|168|424|417|30|734
36156,231|16|342|331|198|297|239|743|227|828|867|1334|930|404
36240,38|57|119
36250,146
36266,1158|47
36338,546|177|413|243|614|815|143
36349,70|15|424|357|1167|413|371|1477|374|117
36374,297|395|982|547|95|54|255|143|704|1176|572|513|379|322
36425,178|646|155|161|71|701|138|118|769|76|131|576|187|317|181|284|734|961
36490,4|133
36528,117|1186|387
36568,1566
36583,313|417|39|342|57|212|46|31|150
36591,167
36594,270|94|265|272|95|32|70|130|71|498|597|255|196|284|297|669
36627,173|129|268|39|185
36664,654|498|387|162|879|81|499|39|1133|282|106|323|239|426|320|213|181|141
36688,13
36732,1185|961|47|540|195|312|177|1051|100|1644|461|417|5|265|60|115
36752,379|482|122|111|377
36800,342|249|226|244|112|253|61|139
36826,87|229|515|265|595|638|226|244|258|457|982|245|241
36852,167|284|718|11|65|130|233|109|264|283|401|290|758|490|54|177|131|32|94|55|172|121|341|154|323|191|271|357|274|427|337|1214|651|395|736|523|959|234|405|1561|268|872|778|1135|772|1584|773|508|635
36883,337|531|916
36901,354|869|30|111|663|33|39|267|143
36938,3|682|11|64|33|65|212|453|67|575|295|48|213|117|233
36974,40|468|1509|97|268|374
36987,36|129|337|54|476|150|219|60|185|249|143|12|121|87
37018,1393|664|961|829|28|87|396|60|124|70|820|1133|30|408|515|409|520
37037,301|114|561|104|109|401|194|815|371|360|119
37075,94
37097,98|198|762|31|196|293|1133
37153,187|4|329
37184,150|17|20|178|225|597|440|139
37221,485|31
37247,162|64|1317|408
37297,362|391|256|387|264|221|127|538|208|767
37357,45|396|118|359|704|221|193|181|432|119
37393,906|255|287|395|329|264|792|267
37418,208|129|91|110|135|165|188|83|432|293|298|337|113|480|368|94|47|173|485|100|255|130|80|225|178|133|323|424|1214|354|357|426|401|196|410|360|611|177|42|76|413|547|489
37441,146|437
37482,407|697|325|109|178|650|180|287|1184|887
37546,815|47|522|143|126|11|45|60|146|572|28|15|323|437|265
37579,10|964|59|133|17|217|323
37611,304|522|325|77|137|39|100|131|119|70|35|306|47|51|22|115|767
37631,329|225|829|342|1136|396
37690,126
37702,570
37726,341|531|650|45|522|139|374
37744,109|342|425|300|67|249|11|137|146|154|63|32|173|39|81|171|354|523|468|118|877|98|934|215|141|473|179|285|124
37754,829|651|498|757|407|126|337|167|122|1133|1051
37897,1136
37956,1644|860|1567|1675|1068|228|316|437|112
37985,48|977|28|421|472
38012,198|650
38067,840|100
38089,342|11|326|465|60|30|67|669|407|359|727|620|925|733|256|208|916|501|343
38114,265|374|10|167
38130,413
38213,557|523|561|408|467|190|60|94|30
38267,162|284|1509|1393|337|503|879|290|256|316|560|68|61|208
38284,29|162|58|79|103|125|154|560|451|63|1133
38298,39
38312,208|712|463|554|39|30
38345,1|212|523|262
38420,559|1317|60|258|139
38475,473|119
38515,2|25|24|18|27|192|21|23|540
38536,137|653|421|697|1068|1970
38553,496|192|41|36|12|1334|342|253|235|6|430|754|143|333|440
38597,291|47|587|421|591|71|143
38635,758|267
38665,6|106|32|82|127|211|253|94|25|24|1316|331|815|312|550|472
38683,133|89|94|47|31|289|129|68|41|788
38740,1055|298|143|584|961|65|1167|377|697|66|417|180|117|142|323|826|426|216|436|467|314|234|691
38749,106|2124|625|31|101|534|290|408|238|495
38780,4|848|847|47|118|616|331|145
38795,139|6|762|105|234
38828,174|247|3|422|95|215
38847,139|187
38857,560|300|190
38897,92|127|82|12|36|54|126|196|55
38981,34|5
39042,82|709|6|1185|1011|1435|342|482|440|613|277|359|190|316
39060,820
39075,763|55|663|209|84|572|196|658|144|212|924|49|80|67|20|122|268|32
39116,879|410
39142,70|30
39158,637|141
39172,196|255|62|239|54
39220,895|374|80|6|115|95|42|198|144|467|47|499
39251,408|767
39309,557|194|665
39390,788|67|359|426|216|143
39452,6|98|140|74
39508,241|369|895
39517,238|895|221|1068|688|211|194|122|337|1675|1158|396|273|81|530
39552,277
39583,249|167|514|762|333
39623,167|283|277|342|111|440|89|360
39664,226|190|144|143|61|440
39696,597|225|614|1214|1161|103|54|371|211|374
39741,204|530|773|7|282|289|778|253|468|471
39763,256|119|115|374
39779,829|162|129|284|173|131|103|172|762|124|342|115|217|113|1214|704|190|828|82|236|290|489|877|572|268|289
39803,92|127|181|916|30|20|359|39|342|6
39857,113|520|654|290|604|129|487|815|190|754
39884,81|35|36|74
39917,575
39931,277|61
39941,144|291|1|421|273|482|249|930|1051|104|359|139|924|689|379|396|318|87|192|54|106|825
39991,196|89|666|424|466
40017,82|65|614|297
40065,311|405|267|61|654
40096,270|379
40115,6|124|185|68|41|276
40142,66|225
40165,277|181|826|383|473|172|1561|13|14|95|177|498|718|233|1434|109|362|471|1120|395|584
40176,6|37|26|409|98|140|39|95|154|792|148|10|15|33|160|1167|93|377|322|36|204|80
40248,239|139|396|1584|877
40275,1457|146|285|318|143|642|61|1365|267|1567|421|284|494|1319|697|76|316|186|289
40285,193|211|689|185|372|943|265|825
40317,72|739|984|141
40327,710|637|222|40
40354,268|522|195|430|312|417|374|682|550|1316|666|485|427|961|1785|782|490
40386,757|436|314|150|440|101|417|134|12|234|139|77|112
40418,778|75|282|73|40|255
40440,265|782|1477|177|121|485|378
40456,1970|265|76
40490,312|172|437|40|100
40530,1393
40578,718|80|180|485|374|114|54|177|736|587|516|733|47|113|100|126|87|476|1584
40590,4|5|94|561|958|357|136|595|664|518|229|172|65|597|194|485|1167|6|819|601|493|826|546|247|122|2190|977|531|1521|398|148|1133|538|1021|1272|997|236
40598,736|426|430
40620,795|820|1317|1675|1567|46|119|1185|115|272|1202|111|426|354|39|283|265|436|135|165|188|697|409|67|47|767|860|326|6|779
40646,172|1064|451|734|11|177|69|820
40703,33|482|285|437|472|318|523|143|267|83|61
40769,67|404|69|41|184|122|98|877|236|105|6|1334|869|291|378
40776,67|333|367|190|5|8|342|74|69|105
40789,185|233|75|111|1238|191
40815,658
40823,637|141|70|31|289|47|35|117|36|178|255|597|57|274|181|196|311|734|326|650|105|522|188|139
40829,65|94|32|597|200|304|46|408|550|236|975|196|192|233|62|342|405|375|146|89|122
40844,381|848|516|10|142|440|113|550
40884,516|81|132|113|337|215
40937,432|503|637|1411|456|395|71|413|103|498|191|89|283|682|78|276|119|11|407|22|883|226|265|441|47
40943,7|37|19|219|620|155|161|139|41|239
41012,119
41030,243|762|570|377|5|14|28|178|325|233|126|846|267|482|103|295
41062,195|322|895|1237
41113,283|223|877|639|95|113|177|1178|701|997
41132,45|47|377|666|89|943|522
41142,338|815|494|284
41186,1088
41228,154|119|325|691|265|485
41234,467
41270,70|272|276|158
41289,545
41328,215|295|6
41402,265|395
41475,141|192|408|257|337|23
41499,7|317|513|255|173|162|180|113|114|47|32|28|8|14|13|4|51|241|186|488|57|427|409
41556,264|984|440|142|395|143|129|494|468|883|208
41626,94|66|121|115|71|277|60|97|167|126|485|113|180|718|325|828|426|730|1161|205|117|5|47|100|323|283|322|377|490|342|492|620|168|349
41644,60|67|64|65|16|123|575
41654,485|408|546|146|638|111|430|378
41706,1518|6|467|208
41713,225
41749,284|162|178|113|297|173|762|194|277|584|30|74|867
41770,97|76|277|70|47|39|58|116|1178|189|464|32|66|109|35|131|129|94|45|138|172|103|19|154|265|173|597|194|89|413|230|323|529|200|1120|264|212|196|115|560|249|410|395|268|353|637|430|714|483|778|899|499|887|604|709|512|101|10|65
41837,1136|113|290|335|138|14
41849,104
41878,47|117|200|879|672|547|941|120
41919,113|592
41958,538
41974,15|81|238|113|350|22|396|848|1051|136|60|342|196|75|19|167|12|282|101|344|534|374|550|120|157|289|263|189|79|93|198|161
42025,40|222|441|295|45|68|16|47
42190,240|76|230
42237,41|47|11|30|3|52|56|17|1|21|24|18|27|25|23|219|964|7|261|105
42285,395|975|200|473|11|45|948|94|290|256|570|129|66|89|522|485|1365|198|430|146|112|167|584|217|272|924
42302,73|201
42355,6|30|196|115|289
42375,82|140|901|242|665|313|318|174|11
42388,1064|172|1458|482|779|216|186|67|30|124|291|137|359|318
42469,11|31|67|124|87|167|342|91|146|930|139|437|60|285|215
42491,146|178|162|718|177|337|360|883|456|901|372|534|473|35|103|213|255|597|317|194|184|287|179|397|126|682
42531,113|178|42|60|291|95|765|256
42572,65|119|36|961
42593,763
42635,1365|162|354
42671,178|14|131|1518|1584|15|177|194|883|342|124|196|115|104|1970|118|591|424|258|271
42714,398
42793,146|982
42803,451|83|103|109|341|113|531|184|373|416|77|608|41|62|241|386|312|263|314|151|107|197
42810,68|233
42864,437|417|5
42899,592|815|129|276|361|21|24|25|27
42946,67|45|111|1145|21|26
42977,704|109|1642|42|225|498|326|872|333|409|570|14|115|137|733|143|289|919
43007,173|28|95|371|1214|1068|198
43030,522|268|97|185|408|508|316|688|110|135|165|188|554|61
43035,232|550|89|611|501|92|383|282|193|342|725|379|139|295|124
43065,65|119|239|14|13|121|32|55|485|194|597|130|718|225|357|1214|590|1084|736|410|1365|1073|306|264
43078,81|137|142|426|587|508|658|326|285|141
43114,1011|258|467|736|961|74|436|546|297|60|326|591|36|635|1144|268|141|95|468|313
43175,47|146|104|982
43185,396|297|241|101|372|534|943
43230,637|413|293|778|1434|357|83|103|15|498|1167|436|570|249|292|89|332|682|35|162|177|62|522|496|100|139|276
43325,146|427|276|187
43370,482|1237|137|212|226
43402,4|200|113
43457,30
43522,115|146|13|35|113|317|174|41|333|567|463
43535,65|61|342|399|409|546|567|818
43554,212|1088|701
43612,172|1365|181|115|178|68|216|733|701|550|414|333|190|180|14
43624,53|41|212|604
43670,57|231|313|495|925|451
43680,5|65|113|178|284|297|66|47|121|103|185|233|255|180|405|485|372|106|130|94|46|57|172|718|650|375|935
43692,1145|47|172|437|494|417
43700,1136|840|187|193
43714,522|41|225|718|80|887|872|468|592|961|39
43774,567|19|41|89|7|37|263|217|291|144
43917,399|342|74|60|51|122|584|473
43950,43|63|66|95|177|35|198|90|83|129|271|265|498|168|255|485|317|329|287|225|178|325|126|173|104|765|467
43985,185|255|35
44019,763|453|664|261|179|1064|560
44046,198|89|134|92|81|256|290|273|304|47|501|341
44086,498|66|178|265|12|320|231|216|273|81|847|124|73|437|45|111|35|734|289|323|132|417|342|736|587|906|653|241|258|87|208|501|1272|144|2|117|119|225|70|33|100|94|325|523|104|2190|1185|133|461|200|561|162|1088
44121,778|650|314|16
44179,22|779|925|58|55|150|92|144|495|682|333
44206,168|513
44266,61|267|64
44294,36|6|212|468|337|410|436|73|763|51|1644|416|399|312|209|584
44318,437|1011|1435
44395,342|57|16|762|93|19|402|36|157|251|358|66
44408,440|6|47|381|111|320
44425,150|16|12|33|115|101|372|344|196|829|219|47
44446,109|232
44518,1084|297|47|495|103|1584|1509|436|325
44537,1238|895|87|208|638|436|119|948|662|138|1084|597|160|323|736|361|430|495|1567|190|414|142|885|925|847|83|1317|1365|1159|825|217
44574,374|256
44590,848|304|1159|100|88|124|441|467|516|226|424
44594,17|18|25|26|27|24|23|52|49|56|90|85|74|175|165|188|55|390|492|846|809
44635,503
44681,772|401|1214|498|883|701|378|669
44695,100|1202|1144|225
44749,483|55|112|122|325|485|268
44801,4|14|80|28|229|67|45|113|138|173|498|194|119|168|522|637|126|117|371|314|131|354|323|1526|350|95
44931,437|33|47|453|495|282|587|249|62|179|733|572|89|421|1136|369|515|840|143|501|494|473
44955,516|179|378|325|1642|119|277|1051|36
45011,191|268|264|701|718|556|725|590|806|305
45050,28|15|1477|129|522|33|277|289|233|322|265|35|173|264|523|115|408|1367|733|961
45086,178|934|887|977|109|139|325|718|595|47|94|67|162|185|12|669|289|132|323|401|557|101|534|236|1021|489|15|464|113|65|265|485|270|1167|230|736|819|300|1518|1465|195|398|451|1068
45096,654|567
45105,134|31|48|70|229|666
45132,195
45248,178|815|426|82|857
45324,11|87|54|35|83|94|271|614
45364,306|256|718|289|185|379|60|146|820|522|342|322|572|119
45396,825|613|68|672|54|80|664|688
45462,190|325|1367|840|1365
45487,146|61
45498,9|11
45530,476|89|137|325|522|399|1393|731|772|35|87|68|64|287|115|1167|196|489|762|417|739|494|437|216|33|359|208|253|895
45566,168|158|311|212|499|64|1120|98|132|209|161|304|915|1457|416|373|335|15|289|121|97|219|45|171|664
45603,11|1051
45611,682|877|868|276|14|173|142|131|95|436|35|268|5|109|55|143
45688,906|273|265|87|178
45752,115|45|38|1084|1055
45805,795|483|231
45811,809
45835,47|754
45872,95|76|285|635
45895,268|104|377
45989,172|337|480|368|374|959|62|233|472|121|476|1214|354|937|395|276|546|1584|1161
46095,342|114|33|899|249|587|516
46112,297|255|205|620|43|191|778|522|185|36|268
46160,342|233|523|115|550|217|211|487
46246,664|1393|129|733|395|2124|177|196|323|498|326|14|189|113|83|66|219|94|133|1458|1214
46267,689|283|451|427|264|167
46306,590|47|361
46345,590|773|357|984|804|233|35|1184|66|172|883|173|109|342|587|73|12|104|13|28|11|67|14|95|829|113|129|160|1186|762|258|467|333
46400,313|514|115|268|256|323|271|409|318|591|1248|207|377|666
46421,60|869|877|88
46430,572|883|386|233|408|342|316|325|689|277|476|407|1021|482|895|523|1055|143|54|35|117|87|483|244|241|262|1084|848|112|313|437|190
46447,150|104|681|662
46467,187|124|4|32|33|461|342|253|195|421|523|115|935|234|715|178|738|199|681|577|73|158|56|52|49|160|468|1393|258|59|665|572|119|168|2124|362
46486,591|265|567
46513,20|54|195|267
46544,404|139
46626,819|271
46659,177|172|597|113|94|61|417|369|375|577
46670,283|6|290
46737,664|66
46798,94|1644|901|1752
46848,1073|1435|6|100|436|342|1171|142
46922,1202|590|1567
46974,167|883
46984,338|115|238
47018,689|119|178|483|189|779|317|664|488|426|377|155|271|757
47029,1365
47046,982
47083,192
47094,121|95|33|129|468|1167|233|961
47150,417|258|901|1171|47|268|255|287|216|322|514|1367|70
47246,901|231|6|93|36|74|937
47317,906|587|118|591|1011|249|46|654
47331,42|71|498|1055|757|1567|377|37|410|1365|948|704|570|342|268|167|523
47383,74
47408,60|208|758|143|61
47567,342|146|484|405|924|357|1084|499|559|553|65
47653,318
47738,405|342|277|283|312|295
47763,82
47836,277|119|346|66|274|61
47890,414|235|383
47994,1411|778|143|35|212|663|1176
48058,513|408|301|895
48102,520|94|95|514|36|200|233|592|769|322|312|377|283|249|282|119
48135,397|925|689|111|273|300
48153,216|4|87|133
48242,68|141|93|1131
48270,378|256|682|372|653
48318,467|323|143|217|758|638
48353,1642|58|194|94|1334|572|2|7|80|25|85|36|229|50|271|402|62|57|301|518|508|408|1521|1214|397
48414,42
48457,829|130|129|485|94|357|1073|1184|249|522|31|360|432
48478,243
48525,144|65|54|258|10|15|87|177|35|103|984|879|262|379|1136|127|68|468|523|483|715
48559,47|249|87
48613,820|901|1675|924|467|39|36|323|89|522|111|180|142|148|407|295|930|360|762|236
48628,43|48|584
48665,440|887|736|879|1185|111|186|47|43|16|100|301|171|255|522|109|137|295|74|414|498|576|638
48718,90|45|37|94|65|121|18|337|129|162|19|70|23|161|87|155|289|178|181|143|38|1158
48745,217
48755,765|371
48803,18
48809,769|127|39|36|119|489
48863,407|217|111|867|80|1131|231|1231|538|572|342|1561|662|473|190|295|1675|587|869|235
48871,430|297|162|820|597|113|94|736|320|35
48910,906|1159|883|386|61|267
48958,144|208
49002,289|68|45|522|572|820|47|300|498|320|538|268
49106,65|466|283|437
49138,185|498|211|317|146
49178,134|10|32|225
49202,779|61|267|208
49223,106|47|114|144|763|1642|587|111|378|430|1316|121|80|136|515|2089|113|476
49244,691|111|16|51|7|81|87|148|12|160|94|6|55|91|577|141|143|223|62|61|283|916|185|215|682|39|314|318
49254,129|80|30|81|130|325|718|217|371|819|1136|399
49323,287
49359,94|782|374|329|396|262|359|295|424|100|1171|61
49464,143|379|267|313|550|139|437|9|195|261|112|93|325|515|1202|225|142
49514,1005|178
49555,35|106
49584,104|65|100|122|290|329|284|265|1144|930|277|734|413|387|997|1605|93|650|341
49662,127|467|146
49715,572|637|104|162|284|323
49758,47|982|815|217|38|198|33|538|306|117|1038|130|361|178|103|461|73|427|118|879|11|730|820|138|57|162|410|707|321|63|221|425|293|826
49836,877|604|975|503|126|485|121|117
49885,342|143|948|172|285|111|468|1739|869
49935,233|354|317|779|467|430|397|255|46|574|1088
49963,662
49977,1477|76|232|538
49988,697|359|267
50142,606|1365|496|546|35|61
50169,79|35|129|113|71|168|173|179|646|819|523|765|337|167|350|499|193|466|490|232|377|165|282
50233,190|329|132|313|114|187|342|1367
50244,662|208|765
50248,190|256|265|404
50266,819|194|233|1785|301|94
50292,1319|189|62|72|265|405|503
50311,155|12|53|19|39|41|89|7|122|11|45|10|35|33|43|16|177|76|97|118|212|178|194|209|75|225|289|72|587|136|73|282|241|191|237|243|205|818|604|171|298|518|1073|54|99|68|409
50326,997|66|253|1133|67|148|1061|1064|139|73|196|820
50387,186|312|167|178|651|258|255|55|326|297|494|95|620|557|424|273|538|1161
50456,226
50473,959|50
50543,317|256|1605|421|410|129|124|413|263|377
50592,225|121|162|395|736|173|614|215|61|560
50610,815
50645,522|267|137
50721,432|104|178
50781,119
50852,490|937|277
50869,173|225|94|1088|1393|126|456|317
50905,143|1005
50949,718|1184|650|456|1561|961|71|444|597|103|172|130|177|65|113|129|173|485|357|1161|1214|879|1411|126|11
50999,663
51028,11|234|47|318|733|74
51047,354|16|98|478|45|35|104|572|141|730|130|941|33|65|190|61|117|137|426|417|55
51101,262|4|211|710
51123,344|173|142|426|479
51141,289|901|272|265|291|36|809|65|650|1316|895|81|456|167|301|283
51248,901|1136|63|401|1073|1477|95|66|264|94|925|142|47
51271,195|1068|313|2089|374|614
51303,297|368|480|312|192|1184|41|180|283|167|277
51379,271|89|298
51397,258|60|262|1435|1171|115|45|81|75|404|567|20|538|124|741|271|867
51413,333|63|867|13|847|216
51480,249
51550,1231
51561,167|132|342|312|195|421|31|138|290|663|113|178|121|248|518|530|984|804|773|855|78|228|80|232|77|111
51605,613|178|143
51651,325|221|1435|72
51661,208|6|249|255|109|591|1005
51746,828|654
51762,49
51785,290|754|825|267|231|313
51838,141
51926,60|482|103|113|1365
51968,273|757|265|1714|395
52032,520|92|405|550|467|485|55|301|614|94|233|872|208|472|374|127
52056,215|122|143|473
52136,819|94
52244,33|268|185|377|312|215|360
52268,198|31|104|440|374|195|170
52334,121|83|265|1566|754|231
52371,304
52407,121|196|233|110|165|188|90|520
52428,185|190|179|317|245|638|820|520|323|468|587|779|267|1005
52534,77|37|292|332|347|542|602|641|74|47|51|91|41|88|134|53|151|70|175|133|28|95|172|109|451|66|390|498|529|590|597|576|650|618|514|283|282|322
52556,19|215|143|342|188|13
52611,92|104|284|225|503
52707,60|47|28|350|1272|81|117|948|300|95|113|150|323|271|118|561|124|139|869|1739|238|143|1068|61|146|342|208|265|557|100|494|121|1005|483
52725,208
52740,142|367|16|112
52763,782|614|1051|64|143|436|499|397|226
52802,1064|21|219|47|119|184|115|181|192|37|25|103|611|472|371|24|27|407|410|529|416|377|312
52804,115|112|11|35|47|111|194|258|682|424|587|377|282|758
52855,421|613|482
52875,267|730
52894,227|522|80|4|19|155|161|982|285|205|232
52993,215|518|208|557|143|1214|276
53016,934|715|456|11|35|662|341|79|1280
53116,297|1518
53205,1367|326|574|758|546|167|268|49|141|289|126|426|1319|1161|1411
53281,129|173|143|662|595|919|1561|1184|35
53317,277|60|112|230|557
53337,584|236
